scenario,algorithm,artifact_path,artifact_role,route_mode,route_source,inference_threshold,accuracy,jaccard,sf_jaccard,sf_accuracy,ET,median_execution_time,N_pairs,tp,fp,fn,tn,precision,recall,f1,runs,benchmark,family,variant,channel_contract,preset,resolution,patch_size,depths,dims,hidden_dim,embedding_dim,epochs,batch_size,learning_rate,loss,optimizer,dropout,drop_path_rate,weight_decay,requested_device,resolved_device,mps_available,mps_fallback_reason,threshold,candidate_pairs,elapsed_seconds,tp_per_second,pickle_path,metadata_path
graph_SOR16_D1_seed42,VF2,,deterministic_baseline,not_applicable,deterministic_algorithm,0.5,0.266667,0.083333,121.577342,389.047496,0.010282,0.010282,15,1,9,2,3,0.1,0.333333,0.153846,10.0,,,,,,,,,,,,,,,,,,,,,,,,,,,,,
graph_SOR16_D1_seed42,Node Match,,deterministic_baseline,not_applicable,deterministic_algorithm,0.5,0.8,0.0,0.0,1544.890263,0.007768,0.007768,15,0,0,3,12,0.0,0.0,0.0,10.0,,,,,,,,,,,,,,,,,,,,,,,,,,,,,
graph_SOR16_D1_seed42,GNN TPC-DS v1 cluster,/Users/cayofel/Documents/GitHub/isomera_v2/main/core/algorithms/pickle/gin_gnn/modelos_gnn_separados/graph_SOR16_D1_seed42.pkl,baseline_tpcds_pickle,scenario_specific,TPC-DS v1 pickle map,0.5,0.8,0.0,0.0,3664.588743,0.003275,0.003275,15,0,0,3,12,0.0,0.0,0.0,10.0,,,,,,,,,,,,,,,,,,,,,,,,,,,,,
graph_SOR16_D1_seed42,GNN GenAI v2 Weighted BCE,/Users/cayofel/Documents/GitHub/isomera_v2/main/data/architectures/tpc_ds_genai_spec_v2/models/weighted_bce/GNN_tpcds_genai_spec_v2_weighted_bce_graph_SOR16_D1_seed42.pkl,genai_spec_v2_weighted_bce,scenario_specific,TPC-DS GenAI Spec v2 explicit routing,0.5,0.2,0.2,1012.929026,1012.929026,0.002962,0.002962,15,3,12,0,0,0.2,1.0,0.333333,10.0,,,,,,,,,,,,,,,,,,,,,,,,,,,,,
graph_SOR16_D1_seed42,GNN GenAI v2 Focal Loss,/Users/cayofel/Documents/GitHub/isomera_v2/main/data/architectures/tpc_ds_genai_spec_v2/models/focal_loss/GNN_tpcds_genai_spec_v2_focal_loss_graph_SOR16_D1_seed42.pkl,genai_spec_v2_focal_loss,scenario_specific,TPC-DS GenAI Spec v2 explicit routing,0.5,0.8,0.0,0.0,4096.64113,0.002929,0.002929,15,0,0,3,12,0.0,0.0,0.0,10.0,,,,,,,,,,,,,,,,,,,,,,,,,,,,,
graph_SOR16_D1_seed42,GNN GenAI v2 Hard Negatives,/Users/cayofel/Documents/GitHub/isomera_v2/main/data/architectures/tpc_ds_genai_spec_v2/models/hard_negatives/GNN_tpcds_genai_spec_v2_hard_negatives_graph_SOR16_D1_seed42.pkl,genai_spec_v2_hard_negatives,scenario_specific,TPC-DS GenAI Spec v2 explicit routing,0.5,0.8,0.0,0.0,4141.679969,0.002897,0.002897,15,0,0,3,12,0.0,0.0,0.0,10.0,,,,,,,,,,,,,,,,,,,,,,,,,,,,,
graph_SOR16_D2_seed42,VF2,,deterministic_baseline,not_applicable,deterministic_algorithm,0.5,0.439394,0.097561,132.321012,595.945769,0.048662,0.048662,66,4,27,10,25,0.129032,0.285714,0.177778,10.0,,,,,,,,,,,,,,,,,,,,,,,,,,,,,
graph_SOR16_D2_seed42,Node Match,,deterministic_baseline,not_applicable,deterministic_algorithm,0.5,0.787879,0.0,0.0,1569.636588,0.033129,0.033129,66,0,0,14,52,0.0,0.0,0.0,10.0,,,,,,,,,,,,,,,,,,,,,,,,,,,,,
graph_SOR16_D2_seed42,GNN TPC-DS v1 cluster,/Users/cayofel/Documents/GitHub/isomera_v2/main/core/algorithms/pickle/gin_gnn/modelos_gnn_separados/graph_SOR16_D2_seed42.pkl,baseline_tpcds_pickle,scenario_specific,TPC-DS v1 pickle map,0.5,0.787879,0.0,0.0,4277.400265,0.012157,0.012157,66,0,0,14,52,0.0,0.0,0.0,10.0,,,,,,,,,,,,,,,,,,,,,,,,,,,,,
graph_SOR16_D2_seed42,GNN GenAI v2 Weighted BCE,/Users/cayofel/Documents/GitHub/isomera_v2/main/data/architectures/tpc_ds_genai_spec_v2/models/weighted_bce/GNN_tpcds_genai_spec_v2_weighted_bce_graph_SOR16_D2_seed42.pkl,genai_spec_v2_weighted_bce,scenario_specific,TPC-DS GenAI Spec v2 explicit routing,0.5,0.272727,0.225806,1294.185978,1563.10774,0.011516,0.011516,66,14,48,0,4,0.225806,1.0,0.368421,10.0,,,,,,,,,,,,,,,,,,,,,,,,,,,,,
graph_SOR16_D2_seed42,GNN GenAI v2 Focal Loss,/Users/cayofel/Documents/GitHub/isomera_v2/main/data/architectures/tpc_ds_genai_spec_v2/models/focal_loss/GNN_tpcds_genai_spec_v2_focal_loss_graph_SOR16_D2_seed42.pkl,genai_spec_v2_focal_loss,scenario_specific,TPC-DS GenAI Spec v2 explicit routing,0.5,0.787879,0.0,0.0,4648.287131,0.011187,0.011187,66,0,0,14,52,0.0,0.0,0.0,10.0,,,,,,,,,,,,,,,,,,,,,,,,,,,,,
graph_SOR16_D2_seed42,GNN GenAI v2 Hard Negatives,/Users/cayofel/Documents/GitHub/isomera_v2/main/data/architectures/tpc_ds_genai_spec_v2/models/hard_negatives/GNN_tpcds_genai_spec_v2_hard_negatives_graph_SOR16_D2_seed42.pkl,genai_spec_v2_hard_negatives,scenario_specific,TPC-DS GenAI Spec v2 explicit routing,0.5,0.787879,0.0,0.0,4812.781637,0.010805,0.010805,66,0,0,14,52,0.0,0.0,0.0,10.0,,,,,,,,,,,,,,,,,,,,,,,,,,,,,
graph_SOR16_D3_seed42,VF2,,deterministic_baseline,not_applicable,deterministic_algorithm,0.5,0.496732,0.172043,232.800739,672.155075,0.113069,0.113069,153,16,60,17,60,0.210526,0.484848,0.293578,10.0,,,,,,,,,,,,,,,,,,,,,,,,,,,,,
graph_SOR16_D3_seed42,Node Match,,deterministic_baseline,not_applicable,deterministic_algorithm,0.5,0.784314,0.0,0.0,1522.308566,0.078828,0.078828,153,0,0,33,120,0.0,0.0,0.0,10.0,,,,,,,,,,,,,,,,,,,,,,,,,,,,,
graph_SOR16_D3_seed42,GNN TPC-DS v1 cluster,/Users/cayofel/Documents/GitHub/isomera_v2/main/core/algorithms/pickle/gin_gnn/modelos_gnn_separados/graph_SOR16_D3_seed42.pkl,baseline_tpcds_pickle,scenario_specific,TPC-DS v1 pickle map,0.5,0.784314,0.0,0.0,4304.717229,0.027876,0.027876,153,0,0,33,120,0.0,0.0,0.0,10.0,,,,,,,,,,,,,,,,,,,,,,,,,,,,,
graph_SOR16_D3_seed42,GNN GenAI v2 Weighted BCE,/Users/cayofel/Documents/GitHub/isomera_v2/main/data/architectures/tpc_ds_genai_spec_v2/models/weighted_bce/GNN_tpcds_genai_spec_v2_weighted_bce_graph_SOR16_D3_seed42.pkl,genai_spec_v2_weighted_bce,scenario_specific,TPC-DS GenAI Spec v2 explicit routing,0.5,0.294118,0.223022,1398.678308,1844.556782,0.024396,0.024396,153,31,106,2,14,0.226277,0.939394,0.364706,10.0,,,,,,,,,,,,,,,,,,,,,,,,,,,,,
graph_SOR16_D3_seed42,GNN GenAI v2 Focal Loss,/Users/cayofel/Documents/GitHub/isomera_v2/main/data/architectures/tpc_ds_genai_spec_v2/models/focal_loss/GNN_tpcds_genai_spec_v2_focal_loss_graph_SOR16_D3_seed42.pkl,genai_spec_v2_focal_loss,scenario_specific,TPC-DS GenAI Spec v2 explicit routing,0.5,0.784314,0.0,0.0,4929.438882,0.024344,0.024344,153,0,0,33,120,0.0,0.0,0.0,10.0,,,,,,,,,,,,,,,,,,,,,,,,,,,,,
graph_SOR16_D3_seed42,GNN GenAI v2 Hard Negatives,/Users/cayofel/Documents/GitHub/isomera_v2/main/data/architectures/tpc_ds_genai_spec_v2/models/hard_negatives/GNN_tpcds_genai_spec_v2_hard_negatives_graph_SOR16_D3_seed42.pkl,genai_spec_v2_hard_negatives,scenario_specific,TPC-DS GenAI Spec v2 explicit routing,0.5,0.784314,0.0,0.0,4867.956774,0.024651,0.024651,153,0,0,33,120,0.0,0.0,0.0,10.0,,,,,,,,,,,,,,,,,,,,,,,,,,,,,
graph_SOR16_D4_seed42,VF2,,deterministic_baseline,not_applicable,deterministic_algorithm,0.5,0.431159,0.164894,232.199306,607.148537,0.195998,0.195998,276,31,129,28,88,0.19375,0.525424,0.283105,10.0,,,,,,,,,,,,,,,,,,,,,,,,,,,,,
graph_SOR16_D4_seed42,Node Match,,deterministic_baseline,not_applicable,deterministic_algorithm,0.5,0.786232,0.0,0.0,1548.522682,0.140134,0.140134,276,0,0,59,217,0.0,0.0,0.0,10.0,,,,,,,,,,,,,,,,,,,,,,,,,,,,,
graph_SOR16_D4_seed42,GNN TPC-DS v1 cluster,/Users/cayofel/Documents/GitHub/isomera_v2/main/core/algorithms/pickle/gin_gnn/modelos_gnn_separados/graph_SOR16_D4_seed42.pkl,baseline_tpcds_pickle,scenario_specific,TPC-DS v1 pickle map,0.5,0.786232,0.0,0.0,4742.113436,0.04576,0.04576,276,0,0,59,217,0.0,0.0,0.0,10.0,,,,,,,,,,,,,,,,,,,,,,,,,,,,,
graph_SOR16_D4_seed42,GNN GenAI v2 Weighted BCE,/Users/cayofel/Documents/GitHub/isomera_v2/main/data/architectures/tpc_ds_genai_spec_v2/models/weighted_bce/GNN_tpcds_genai_spec_v2_weighted_bce_graph_SOR16_D4_seed42.pkl,genai_spec_v2_weighted_bce,scenario_specific,TPC-DS GenAI Spec v2 explicit routing,0.5,0.786232,0.0,0.0,5098.00791,0.042566,0.042566,276,0,0,59,217,0.0,0.0,0.0,10.0,,,,,,,,,,,,,,,,,,,,,,,,,,,,,
graph_SOR16_D4_seed42,GNN GenAI v2 Focal Loss,/Users/cayofel/Documents/GitHub/isomera_v2/main/data/architectures/tpc_ds_genai_spec_v2/models/focal_loss/GNN_tpcds_genai_spec_v2_focal_loss_graph_SOR16_D4_seed42.pkl,genai_spec_v2_focal_loss,scenario_specific,TPC-DS GenAI Spec v2 explicit routing,0.5,0.786232,0.0,0.0,5083.107996,0.04269,0.04269,276,0,0,59,217,0.0,0.0,0.0,10.0,,,,,,,,,,,,,,,,,,,,,,,,,,,,,
graph_SOR16_D4_seed42,GNN GenAI v2 Hard Negatives,/Users/cayofel/Documents/GitHub/isomera_v2/main/data/architectures/tpc_ds_genai_spec_v2/models/hard_negatives/GNN_tpcds_genai_spec_v2_hard_negatives_graph_SOR16_D4_seed42.pkl,genai_spec_v2_hard_negatives,scenario_specific,TPC-DS GenAI Spec v2 explicit routing,0.5,0.786232,0.0,0.0,5037.115825,0.04308,0.04308,276,0,0,59,217,0.0,0.0,0.0,10.0,,,,,,,,,,,,,,,,,,,,,,,,,,,,,
graph_SOR16_D5_seed42,VF2,,deterministic_baseline,not_applicable,deterministic_algorithm,0.5,0.51954,0.196154,271.984074,720.386937,0.31372,0.31372,435,51,167,42,175,0.233945,0.548387,0.327974,10.0,,,,,,,,,,,,,,,,,,,,,,,,,,,,,
graph_SOR16_D5_seed42,Node Match,,deterministic_baseline,not_applicable,deterministic_algorithm,0.5,0.786207,0.0,0.0,1288.835431,0.265356,0.265356,435,0,0,93,342,0.0,0.0,0.0,10.0,,,,,,,,,,,,,,,,,,,,,,,,,,,,,
graph_SOR16_D5_seed42,GNN TPC-DS v1 cluster,/Users/cayofel/Documents/GitHub/isomera_v2/main/core/algorithms/pickle/gin_gnn/modelos_gnn_separados/graph_SOR16_D5_seed42.pkl,baseline_tpcds_pickle,scenario_specific,TPC-DS v1 pickle map,0.5,0.213793,0.213793,1078.26087,1078.26087,0.08625,0.08625,435,93,342,0,0,0.213793,1.0,0.352273,10.0,,,,,,,,,,,,,,,,,,,,,,,,,,,,,
graph_SOR16_D5_seed42,GNN GenAI v2 Weighted BCE,/Users/cayofel/Documents/GitHub/isomera_v2/main/data/architectures/tpc_ds_genai_spec_v2/models/weighted_bce/GNN_tpcds_genai_spec_v2_weighted_bce_graph_SOR16_D5_seed42.pkl,genai_spec_v2_weighted_bce,scenario_specific,TPC-DS GenAI Spec v2 explicit routing,0.5,0.213793,0.213793,1225.294425,1225.294425,0.0759,0.0759,435,93,342,0,0,0.213793,1.0,0.352273,10.0,,,,,,,,,,,,,,,,,,,,,,,,,,,,,
graph_SOR16_D5_seed42,GNN GenAI v2 Focal Loss,/Users/cayofel/Documents/GitHub/isomera_v2/main/data/architectures/tpc_ds_genai_spec_v2/models/focal_loss/GNN_tpcds_genai_spec_v2_focal_loss_graph_SOR16_D5_seed42.pkl,genai_spec_v2_focal_loss,scenario_specific,TPC-DS GenAI Spec v2 explicit routing,0.5,0.786207,0.0,0.0,4777.637305,0.071583,0.071583,435,0,0,93,342,0.0,0.0,0.0,10.0,,,,,,,,,,,,,,,,,,,,,,,,,,,,,
graph_SOR16_D5_seed42,GNN GenAI v2 Hard Negatives,/Users/cayofel/Documents/GitHub/isomera_v2/main/data/architectures/tpc_ds_genai_spec_v2/models/hard_negatives/GNN_tpcds_genai_spec_v2_hard_negatives_graph_SOR16_D5_seed42.pkl,genai_spec_v2_hard_negatives,scenario_specific,TPC-DS GenAI Spec v2 explicit routing,0.5,0.786207,0.0,0.0,4889.98429,0.069939,0.069939,435,0,0,93,342,0.0,0.0,0.0,10.0,,,,,,,,,,,,,,,,,,,,,,,,,,,,,
graph_SOR2_D1_seed42,VF2,,deterministic_baseline,not_applicable,deterministic_algorithm,0.5,0.0,0.0,0.0,0.0,0.000517,0.000517,1,0,0,1,0,0.0,0.0,0.0,10.0,,,,,,,,,,,,,,,,,,,,,,,,,,,,,
graph_SOR2_D1_seed42,Node Match,,deterministic_baseline,not_applicable,deterministic_algorithm,0.5,0.0,0.0,0.0,0.0,0.000372,0.000372,1,0,0,1,0,0.0,0.0,0.0,10.0,,,,,,,,,,,,,,,,,,,,,,,,,,,,,
graph_SOR2_D1_seed42,GNN TPC-DS v1 cluster,/Users/cayofel/Documents/GitHub/isomera_v2/main/core/algorithms/pickle/gin_gnn/modelos_gnn_separados/graph_SOR2_D1_seed42.pkl,baseline_tpcds_pickle,scenario_specific,TPC-DS v1 pickle map,0.5,1.0,1.0,2284.192361,2284.192361,0.000438,0.000438,1,1,0,0,0,1.0,1.0,1.0,10.0,,,,,,,,,,,,,,,,,,,,,,,,,,,,,
graph_SOR2_D1_seed42,GNN GenAI v2 Weighted BCE,/Users/cayofel/Documents/GitHub/isomera_v2/main/data/architectures/tpc_ds_genai_spec_v2/models/weighted_bce/GNN_tpcds_genai_spec_v2_weighted_bce_graph_SOR2_D1_seed42.pkl,genai_spec_v2_weighted_bce,scenario_specific,TPC-DS GenAI Spec v2 explicit routing,0.5,1.0,1.0,2509.40714,2509.40714,0.000399,0.000399,1,1,0,0,0,1.0,1.0,1.0,10.0,,,,,,,,,,,,,,,,,,,,,,,,,,,,,
graph_SOR2_D1_seed42,GNN GenAI v2 Focal Loss,/Users/cayofel/Documents/GitHub/isomera_v2/main/data/architectures/tpc_ds_genai_spec_v2/models/focal_loss/GNN_tpcds_genai_spec_v2_focal_loss_graph_SOR2_D1_seed42.pkl,genai_spec_v2_focal_loss,scenario_specific,TPC-DS GenAI Spec v2 explicit routing,0.5,1.0,1.0,2396.644697,2396.644697,0.000417,0.000417,1,1,0,0,0,1.0,1.0,1.0,10.0,,,,,,,,,,,,,,,,,,,,,,,,,,,,,
graph_SOR2_D1_seed42,GNN GenAI v2 Hard Negatives,/Users/cayofel/Documents/GitHub/isomera_v2/main/data/architectures/tpc_ds_genai_spec_v2/models/hard_negatives/GNN_tpcds_genai_spec_v2_hard_negatives_graph_SOR2_D1_seed42.pkl,genai_spec_v2_hard_negatives,scenario_specific,TPC-DS GenAI Spec v2 explicit routing,0.5,1.0,1.0,2160.604191,2160.604191,0.000463,0.000463,1,1,0,0,0,1.0,1.0,1.0,10.0,,,,,,,,,,,,,,,,,,,,,,,,,,,,,
graph_SOR2_D2_seed42,VF2,,deterministic_baseline,not_applicable,deterministic_algorithm,0.5,0.333333,0.333333,720.190764,720.190764,0.002777,0.002777,6,2,4,0,0,0.333333,1.0,0.5,10.0,,,,,,,,,,,,,,,,,,,,,,,,,,,,,
graph_SOR2_D2_seed42,Node Match,,deterministic_baseline,not_applicable,deterministic_algorithm,0.5,0.666667,0.0,0.0,2099.278006,0.001905,0.001905,6,0,0,2,4,0.0,0.0,0.0,10.0,,,,,,,,,,,,,,,,,,,,,,,,,,,,,
graph_SOR2_D2_seed42,GNN TPC-DS v1 cluster,/Users/cayofel/Documents/GitHub/isomera_v2/main/core/algorithms/pickle/gin_gnn/modelos_gnn_separados/graph_SOR2_D2_seed42.pkl,baseline_tpcds_pickle,scenario_specific,TPC-DS v1 pickle map,0.5,0.666667,0.0,0.0,2881.281825,0.001388,0.001388,6,0,0,2,4,0.0,0.0,0.0,10.0,,,,,,,,,,,,,,,,,,,,,,,,,,,,,
graph_SOR2_D2_seed42,GNN GenAI v2 Weighted BCE,/Users/cayofel/Documents/GitHub/isomera_v2/main/data/architectures/tpc_ds_genai_spec_v2/models/weighted_bce/GNN_tpcds_genai_spec_v2_weighted_bce_graph_SOR2_D2_seed42.pkl,genai_spec_v2_weighted_bce,scenario_specific,TPC-DS GenAI Spec v2 explicit routing,0.5,0.666667,0.0,0.0,2766.332079,0.001446,0.001446,6,0,0,2,4,0.0,0.0,0.0,10.0,,,,,,,,,,,,,,,,,,,,,,,,,,,,,
graph_SOR2_D2_seed42,GNN GenAI v2 Focal Loss,/Users/cayofel/Documents/GitHub/isomera_v2/main/data/architectures/tpc_ds_genai_spec_v2/models/focal_loss/GNN_tpcds_genai_spec_v2_focal_loss_graph_SOR2_D2_seed42.pkl,genai_spec_v2_focal_loss,scenario_specific,TPC-DS GenAI Spec v2 explicit routing,0.5,0.666667,0.0,0.0,3073.524468,0.001301,0.001301,6,0,0,2,4,0.0,0.0,0.0,10.0,,,,,,,,,,,,,,,,,,,,,,,,,,,,,
graph_SOR2_D2_seed42,GNN GenAI v2 Hard Negatives,/Users/cayofel/Documents/GitHub/isomera_v2/main/data/architectures/tpc_ds_genai_spec_v2/models/hard_negatives/GNN_tpcds_genai_spec_v2_hard_negatives_graph_SOR2_D2_seed42.pkl,genai_spec_v2_hard_negatives,scenario_specific,TPC-DS GenAI Spec v2 explicit routing,0.5,0.666667,0.0,0.0,2998.828957,0.001334,0.001334,6,0,0,2,4,0.0,0.0,0.0,10.0,,,,,,,,,,,,,,,,,,,,,,,,,,,,,
graph_SOR2_D3_seed42,VF2,,deterministic_baseline,not_applicable,deterministic_algorithm,0.5,0.466667,0.333333,851.994353,1192.792094,0.005869,0.005869,15,4,6,2,3,0.4,0.666667,0.5,10.0,,,,,,,,,,,,,,,,,,,,,,,,,,,,,
graph_SOR2_D3_seed42,Node Match,,deterministic_baseline,not_applicable,deterministic_algorithm,0.5,0.6,0.0,0.0,2112.035753,0.004261,0.004261,15,0,0,6,9,0.0,0.0,0.0,10.0,,,,,,,,,,,,,,,,,,,,,,,,,,,,,
graph_SOR2_D3_seed42,GNN TPC-DS v1 cluster,/Users/cayofel/Documents/GitHub/isomera_v2/main/core/algorithms/pickle/gin_gnn/modelos_gnn_separados/graph_SOR2_D3_seed42.pkl,baseline_tpcds_pickle,scenario_specific,TPC-DS v1 pickle map,0.5,0.6,0.0,0.0,3240.153713,0.002778,0.002778,15,0,0,6,9,0.0,0.0,0.0,10.0,,,,,,,,,,,,,,,,,,,,,,,,,,,,,
graph_SOR2_D3_seed42,GNN GenAI v2 Weighted BCE,/Users/cayofel/Documents/GitHub/isomera_v2/main/data/architectures/tpc_ds_genai_spec_v2/models/weighted_bce/GNN_tpcds_genai_spec_v2_weighted_bce_graph_SOR2_D3_seed42.pkl,genai_spec_v2_weighted_bce,scenario_specific,TPC-DS GenAI Spec v2 explicit routing,0.5,0.4,0.4,2078.146626,2078.146626,0.002887,0.002887,15,6,9,0,0,0.4,1.0,0.571429,10.0,,,,,,,,,,,,,,,,,,,,,,,,,,,,,
graph_SOR2_D3_seed42,GNN GenAI v2 Focal Loss,/Users/cayofel/Documents/GitHub/isomera_v2/main/data/architectures/tpc_ds_genai_spec_v2/models/focal_loss/GNN_tpcds_genai_spec_v2_focal_loss_graph_SOR2_D3_seed42.pkl,genai_spec_v2_focal_loss,scenario_specific,TPC-DS GenAI Spec v2 explicit routing,0.5,0.6,0.0,0.0,3092.628342,0.00291,0.00291,15,0,0,6,9,0.0,0.0,0.0,10.0,,,,,,,,,,,,,,,,,,,,,,,,,,,,,
graph_SOR2_D3_seed42,GNN GenAI v2 Hard Negatives,/Users/cayofel/Documents/GitHub/isomera_v2/main/data/architectures/tpc_ds_genai_spec_v2/models/hard_negatives/GNN_tpcds_genai_spec_v2_hard_negatives_graph_SOR2_D3_seed42.pkl,genai_spec_v2_hard_negatives,scenario_specific,TPC-DS GenAI Spec v2 explicit routing,0.5,0.6,0.0,0.0,3005.782123,0.002994,0.002994,15,0,0,6,9,0.0,0.0,0.0,10.0,,,,,,,,,,,,,,,,,,,,,,,,,,,,,
graph_SOR2_D4_seed42,VF2,,deterministic_baseline,not_applicable,deterministic_algorithm,0.5,0.285714,0.285714,764.973764,764.973764,0.010458,0.010458,28,8,20,0,0,0.285714,1.0,0.444444,10.0,,,,,,,,,,,,,,,,,,,,,,,,,,,,,
graph_SOR2_D4_seed42,Node Match,,deterministic_baseline,not_applicable,deterministic_algorithm,0.5,0.714286,0.0,0.0,2719.700833,0.007354,0.007354,28,0,0,8,20,0.0,0.0,0.0,10.0,,,,,,,,,,,,,,,,,,,,,,,,,,,,,
graph_SOR2_D4_seed42,GNN TPC-DS v1 cluster,/Users/cayofel/Documents/GitHub/isomera_v2/main/core/algorithms/pickle/gin_gnn/modelos_gnn_separados/graph_SOR2_D4_seed42.pkl,baseline_tpcds_pickle,scenario_specific,TPC-DS v1 pickle map,0.5,0.714286,0.0,0.0,4192.761805,0.00477,0.00477,28,0,0,8,20,0.0,0.0,0.0,10.0,,,,,,,,,,,,,,,,,,,,,,,,,,,,,
graph_SOR2_D4_seed42,GNN GenAI v2 Weighted BCE,/Users/cayofel/Documents/GitHub/isomera_v2/main/data/architectures/tpc_ds_genai_spec_v2/models/weighted_bce/GNN_tpcds_genai_spec_v2_weighted_bce_graph_SOR2_D4_seed42.pkl,genai_spec_v2_weighted_bce,scenario_specific,TPC-DS GenAI Spec v2 explicit routing,0.5,0.714286,0.0,0.0,4187.568303,0.004776,0.004776,28,0,0,8,20,0.0,0.0,0.0,10.0,,,,,,,,,,,,,,,,,,,,,,,,,,,,,
graph_SOR2_D4_seed42,GNN GenAI v2 Focal Loss,/Users/cayofel/Documents/GitHub/isomera_v2/main/data/architectures/tpc_ds_genai_spec_v2/models/focal_loss/GNN_tpcds_genai_spec_v2_focal_loss_graph_SOR2_D4_seed42.pkl,genai_spec_v2_focal_loss,scenario_specific,TPC-DS GenAI Spec v2 explicit routing,0.5,0.714286,0.0,0.0,4250.213467,0.004706,0.004706,28,0,0,8,20,0.0,0.0,0.0,10.0,,,,,,,,,,,,,,,,,,,,,,,,,,,,,
graph_SOR2_D4_seed42,GNN GenAI v2 Hard Negatives,/Users/cayofel/Documents/GitHub/isomera_v2/main/data/architectures/tpc_ds_genai_spec_v2/models/hard_negatives/GNN_tpcds_genai_spec_v2_hard_negatives_graph_SOR2_D4_seed42.pkl,genai_spec_v2_hard_negatives,scenario_specific,TPC-DS GenAI Spec v2 explicit routing,0.5,0.714286,0.0,0.0,4242.437934,0.004714,0.004714,28,0,0,8,20,0.0,0.0,0.0,10.0,,,,,,,,,,,,,,,,,,,,,,,,,,,,,
graph_SOR2_D5_seed42,VF2,,deterministic_baseline,not_applicable,deterministic_algorithm,0.5,0.444444,0.324324,795.450529,1090.061835,0.018348,0.018348,45,12,24,1,8,0.333333,0.923077,0.489796,10.0,,,,,,,,,,,,,,,,,,,,,,,,,,,,,
graph_SOR2_D5_seed42,Node Match,,deterministic_baseline,not_applicable,deterministic_algorithm,0.5,0.711111,0.0,0.0,2654.527733,0.012055,0.012055,45,0,0,13,32,0.0,0.0,0.0,10.0,,,,,,,,,,,,,,,,,,,,,,,,,,,,,
graph_SOR2_D5_seed42,GNN TPC-DS v1 cluster,/Users/cayofel/Documents/GitHub/isomera_v2/main/core/algorithms/pickle/gin_gnn/modelos_gnn_separados/graph_SOR2_D5_seed42.pkl,baseline_tpcds_pickle,scenario_specific,TPC-DS v1 pickle map,0.5,0.711111,0.0,0.0,4205.626761,0.007609,0.007609,45,0,0,13,32,0.0,0.0,0.0,10.0,,,,,,,,,,,,,,,,,,,,,,,,,,,,,
graph_SOR2_D5_seed42,GNN GenAI v2 Weighted BCE,/Users/cayofel/Documents/GitHub/isomera_v2/main/data/architectures/tpc_ds_genai_spec_v2/models/weighted_bce/GNN_tpcds_genai_spec_v2_weighted_bce_graph_SOR2_D5_seed42.pkl,genai_spec_v2_weighted_bce,scenario_specific,TPC-DS GenAI Spec v2 explicit routing,0.5,0.488889,0.342857,2099.541988,2993.791353,0.007349,0.007349,45,12,22,1,10,0.352941,0.923077,0.510638,10.0,,,,,,,,,,,,,,,,,,,,,,,,,,,,,
graph_SOR2_D5_seed42,GNN GenAI v2 Focal Loss,/Users/cayofel/Documents/GitHub/isomera_v2/main/data/architectures/tpc_ds_genai_spec_v2/models/focal_loss/GNN_tpcds_genai_spec_v2_focal_loss_graph_SOR2_D5_seed42.pkl,genai_spec_v2_focal_loss,scenario_specific,TPC-DS GenAI Spec v2 explicit routing,0.5,0.711111,0.0,0.0,4278.63515,0.007479,0.007479,45,0,0,13,32,0.0,0.0,0.0,10.0,,,,,,,,,,,,,,,,,,,,,,,,,,,,,
graph_SOR2_D5_seed42,GNN GenAI v2 Hard Negatives,/Users/cayofel/Documents/GitHub/isomera_v2/main/data/architectures/tpc_ds_genai_spec_v2/models/hard_negatives/GNN_tpcds_genai_spec_v2_hard_negatives_graph_SOR2_D5_seed42.pkl,genai_spec_v2_hard_negatives,scenario_specific,TPC-DS GenAI Spec v2 explicit routing,0.5,0.711111,0.0,0.0,4320.067598,0.007407,0.007407,45,0,0,13,32,0.0,0.0,0.0,10.0,,,,,,,,,,,,,,,,,,,,,,,,,,,,,
graph_SOR4_D1_seed42,VF2,,deterministic_baseline,not_applicable,deterministic_algorithm,0.5,0.5,0.5,1861.330852,1861.330852,0.001612,0.001612,6,3,3,0,0,0.5,1.0,0.666667,10.0,,,,,,,,,,,,,,,,,,,,,,,,,,,,,
graph_SOR4_D1_seed42,Node Match,,deterministic_baseline,not_applicable,deterministic_algorithm,0.5,0.5,0.0,0.0,2229.033157,0.001346,0.001346,6,0,0,3,3,0.0,0.0,0.0,10.0,,,,,,,,,,,,,,,,,,,,,,,,,,,,,
graph_SOR4_D1_seed42,GNN TPC-DS v1 cluster,/Users/cayofel/Documents/GitHub/isomera_v2/main/core/algorithms/pickle/gin_gnn/modelos_gnn_separados/graph_SOR4_D1_seed42.pkl,baseline_tpcds_pickle,scenario_specific,TPC-DS v1 pickle map,0.5,0.5,0.5,2041.771237,2041.771237,0.001469,0.001469,6,3,3,0,0,0.5,1.0,0.666667,10.0,,,,,,,,,,,,,,,,,,,,,,,,,,,,,
graph_SOR4_D1_seed42,GNN GenAI v2 Weighted BCE,/Users/cayofel/Documents/GitHub/isomera_v2/main/data/architectures/tpc_ds_genai_spec_v2/models/weighted_bce/GNN_tpcds_genai_spec_v2_weighted_bce_graph_SOR4_D1_seed42.pkl,genai_spec_v2_weighted_bce,scenario_specific,TPC-DS GenAI Spec v2 explicit routing,0.5,0.5,0.5,2207.167704,2207.167704,0.001359,0.001359,6,3,3,0,0,0.5,1.0,0.666667,10.0,,,,,,,,,,,,,,,,,,,,,,,,,,,,,
graph_SOR4_D1_seed42,GNN GenAI v2 Focal Loss,/Users/cayofel/Documents/GitHub/isomera_v2/main/data/architectures/tpc_ds_genai_spec_v2/models/focal_loss/GNN_tpcds_genai_spec_v2_focal_loss_graph_SOR4_D1_seed42.pkl,genai_spec_v2_focal_loss,scenario_specific,TPC-DS GenAI Spec v2 explicit routing,0.5,0.5,0.0,0.0,2178.484704,0.001377,0.001377,6,0,0,3,3,0.0,0.0,0.0,10.0,,,,,,,,,,,,,,,,,,,,,,,,,,,,,
graph_SOR4_D1_seed42,GNN GenAI v2 Hard Negatives,/Users/cayofel/Documents/GitHub/isomera_v2/main/data/architectures/tpc_ds_genai_spec_v2/models/hard_negatives/GNN_tpcds_genai_spec_v2_hard_negatives_graph_SOR4_D1_seed42.pkl,genai_spec_v2_hard_negatives,scenario_specific,TPC-DS GenAI Spec v2 explicit routing,0.5,0.833333,0.75,2892.301305,3213.668116,0.001556,0.001556,6,3,1,0,2,0.75,1.0,0.857143,10.0,,,,,,,,,,,,,,,,,,,,,,,,,,,,,
graph_SOR4_D2_seed42,VF2,,deterministic_baseline,not_applicable,deterministic_algorithm,0.5,0.428571,0.272727,813.950381,1279.064884,0.009382,0.009382,28,6,10,6,6,0.375,0.5,0.428571,10.0,,,,,,,,,,,,,,,,,,,,,,,,,,,,,
graph_SOR4_D2_seed42,Node Match,,deterministic_baseline,not_applicable,deterministic_algorithm,0.5,0.571429,0.0,0.0,2384.619265,0.00671,0.00671,28,0,0,12,16,0.0,0.0,0.0,10.0,,,,,,,,,,,,,,,,,,,,,,,,,,,,,
graph_SOR4_D2_seed42,GNN TPC-DS v1 cluster,/Users/cayofel/Documents/GitHub/isomera_v2/main/core/algorithms/pickle/gin_gnn/modelos_gnn_separados/graph_SOR4_D2_seed42.pkl,baseline_tpcds_pickle,scenario_specific,TPC-DS v1 pickle map,0.5,0.571429,0.0,0.0,2847.133404,0.00562,0.00562,28,0,0,12,16,0.0,0.0,0.0,10.0,,,,,,,,,,,,,,,,,,,,,,,,,,,,,
graph_SOR4_D2_seed42,GNN GenAI v2 Weighted BCE,/Users/cayofel/Documents/GitHub/isomera_v2/main/data/architectures/tpc_ds_genai_spec_v2/models/weighted_bce/GNN_tpcds_genai_spec_v2_weighted_bce_graph_SOR4_D2_seed42.pkl,genai_spec_v2_weighted_bce,scenario_specific,TPC-DS GenAI Spec v2 explicit routing,0.5,0.75,0.5,2716.370029,4074.555044,0.005154,0.005154,28,7,2,5,14,0.777778,0.583333,0.666667,10.0,,,,,,,,,,,,,,,,,,,,,,,,,,,,,
graph_SOR4_D2_seed42,GNN GenAI v2 Focal Loss,/Users/cayofel/Documents/GitHub/isomera_v2/main/data/architectures/tpc_ds_genai_spec_v2/models/focal_loss/GNN_tpcds_genai_spec_v2_focal_loss_graph_SOR4_D2_seed42.pkl,genai_spec_v2_focal_loss,scenario_specific,TPC-DS GenAI Spec v2 explicit routing,0.5,0.571429,0.0,0.0,3111.163526,0.005143,0.005143,28,0,0,12,16,0.0,0.0,0.0,10.0,,,,,,,,,,,,,,,,,,,,,,,,,,,,,
graph_SOR4_D2_seed42,GNN GenAI v2 Hard Negatives,/Users/cayofel/Documents/GitHub/isomera_v2/main/data/architectures/tpc_ds_genai_spec_v2/models/hard_negatives/GNN_tpcds_genai_spec_v2_hard_negatives_graph_SOR4_D2_seed42.pkl,genai_spec_v2_hard_negatives,scenario_specific,TPC-DS GenAI Spec v2 explicit routing,0.5,0.535714,0.071429,383.821907,2878.6643,0.005211,0.005211,28,1,2,11,14,0.333333,0.083333,0.133333,10.0,,,,,,,,,,,,,,,,,,,,,,,,,,,,,
graph_SOR4_D3_seed42,VF2,,deterministic_baseline,not_applicable,deterministic_algorithm,0.5,0.363636,0.176471,721.03595,1485.771049,0.016153,0.016153,66,9,37,5,15,0.195652,0.642857,0.3,10.0,,,,,,,,,,,,,,,,,,,,,,,,,,,,,
graph_SOR4_D3_seed42,Node Match,,deterministic_baseline,not_applicable,deterministic_algorithm,0.5,0.787879,0.0,0.0,4249.964611,0.012235,0.012235,66,0,0,14,52,0.0,0.0,0.0,10.0,,,,,,,,,,,,,,,,,,,,,,,,,,,,,
graph_SOR4_D3_seed42,GNN TPC-DS v1 cluster,/Users/cayofel/Documents/GitHub/isomera_v2/main/core/algorithms/pickle/gin_gnn/modelos_gnn_separados/graph_SOR4_D3_seed42.pkl,baseline_tpcds_pickle,scenario_specific,TPC-DS v1 pickle map,0.5,0.787879,0.0,0.0,4552.501571,0.011422,0.011422,66,0,0,14,52,0.0,0.0,0.0,10.0,,,,,,,,,,,,,,,,,,,,,,,,,,,,,
graph_SOR4_D3_seed42,GNN GenAI v2 Weighted BCE,/Users/cayofel/Documents/GitHub/isomera_v2/main/data/architectures/tpc_ds_genai_spec_v2/models/weighted_bce/GNN_tpcds_genai_spec_v2_weighted_bce_graph_SOR4_D3_seed42.pkl,genai_spec_v2_weighted_bce,scenario_specific,TPC-DS GenAI Spec v2 explicit routing,0.5,0.287879,0.229508,1424.101092,1786.291305,0.010637,0.010637,66,14,47,0,5,0.229508,1.0,0.373333,10.0,,,,,,,,,,,,,,,,,,,,,,,,,,,,,
graph_SOR4_D3_seed42,GNN GenAI v2 Focal Loss,/Users/cayofel/Documents/GitHub/isomera_v2/main/data/architectures/tpc_ds_genai_spec_v2/models/focal_loss/GNN_tpcds_genai_spec_v2_focal_loss_graph_SOR4_D3_seed42.pkl,genai_spec_v2_focal_loss,scenario_specific,TPC-DS GenAI Spec v2 explicit routing,0.5,0.787879,0.0,0.0,4876.104742,0.010664,0.010664,66,0,0,14,52,0.0,0.0,0.0,10.0,,,,,,,,,,,,,,,,,,,,,,,,,,,,,
graph_SOR4_D3_seed42,GNN GenAI v2 Hard Negatives,/Users/cayofel/Documents/GitHub/isomera_v2/main/data/architectures/tpc_ds_genai_spec_v2/models/hard_negatives/GNN_tpcds_genai_spec_v2_hard_negatives_graph_SOR4_D3_seed42.pkl,genai_spec_v2_hard_negatives,scenario_specific,TPC-DS GenAI Spec v2 explicit routing,0.5,0.787879,0.0,0.0,4743.614912,0.010962,0.010962,66,0,0,14,52,0.0,0.0,0.0,10.0,,,,,,,,,,,,,,,,,,,,,,,,,,,,,
graph_SOR4_D4_seed42,VF2,,deterministic_baseline,not_applicable,deterministic_algorithm,0.5,0.491667,0.164384,633.214412,1893.926718,0.031152,0.031152,120,12,43,18,47,0.218182,0.4,0.282353,10.0,,,,,,,,,,,,,,,,,,,,,,,,,,,,,
graph_SOR4_D4_seed42,Node Match,,deterministic_baseline,not_applicable,deterministic_algorithm,0.5,0.75,0.0,0.0,3991.942132,0.022545,0.022545,120,0,0,30,90,0.0,0.0,0.0,10.0,,,,,,,,,,,,,,,,,,,,,,,,,,,,,
graph_SOR4_D4_seed42,GNN TPC-DS v1 cluster,/Users/cayofel/Documents/GitHub/isomera_v2/main/core/algorithms/pickle/gin_gnn/modelos_gnn_separados/graph_SOR4_D4_seed42.pkl,baseline_tpcds_pickle,scenario_specific,TPC-DS v1 pickle map,0.5,0.75,0.0,0.0,4554.444743,0.019761,0.019761,120,0,0,30,90,0.0,0.0,0.0,10.0,,,,,,,,,,,,,,,,,,,,,,,,,,,,,
graph_SOR4_D4_seed42,GNN GenAI v2 Weighted BCE,/Users/cayofel/Documents/GitHub/isomera_v2/main/data/architectures/tpc_ds_genai_spec_v2/models/weighted_bce/GNN_tpcds_genai_spec_v2_weighted_bce_graph_SOR4_D4_seed42.pkl,genai_spec_v2_weighted_bce,scenario_specific,TPC-DS GenAI Spec v2 explicit routing,0.5,0.75,0.0,0.0,4915.620909,0.018309,0.018309,120,0,0,30,90,0.0,0.0,0.0,10.0,,,,,,,,,,,,,,,,,,,,,,,,,,,,,
graph_SOR4_D4_seed42,GNN GenAI v2 Focal Loss,/Users/cayofel/Documents/GitHub/isomera_v2/main/data/architectures/tpc_ds_genai_spec_v2/models/focal_loss/GNN_tpcds_genai_spec_v2_focal_loss_graph_SOR4_D4_seed42.pkl,genai_spec_v2_focal_loss,scenario_specific,TPC-DS GenAI Spec v2 explicit routing,0.5,0.75,0.0,0.0,4812.614311,0.018701,0.018701,120,0,0,30,90,0.0,0.0,0.0,10.0,,,,,,,,,,,,,,,,,,,,,,,,,,,,,
graph_SOR4_D4_seed42,GNN GenAI v2 Hard Negatives,/Users/cayofel/Documents/GitHub/isomera_v2/main/data/architectures/tpc_ds_genai_spec_v2/models/hard_negatives/GNN_tpcds_genai_spec_v2_hard_negatives_graph_SOR4_D4_seed42.pkl,genai_spec_v2_hard_negatives,scenario_specific,TPC-DS GenAI Spec v2 explicit routing,0.5,0.75,0.0,0.0,4923.711063,0.018279,0.018279,120,0,0,30,90,0.0,0.0,0.0,10.0,,,,,,,,,,,,,,,,,,,,,,,,,,,,,
graph_SOR4_D5_seed42,VF2,,deterministic_baseline,not_applicable,deterministic_algorithm,0.5,0.331579,0.164474,624.176873,1258.340576,0.050066,0.050066,190,25,114,13,38,0.179856,0.657895,0.282486,10.0,,,,,,,,,,,,,,,,,,,,,,,,,,,,,
graph_SOR4_D5_seed42,Node Match,,deterministic_baseline,not_applicable,deterministic_algorithm,0.5,0.8,0.0,0.0,4187.118756,0.036302,0.036302,190,0,0,38,152,0.0,0.0,0.0,10.0,,,,,,,,,,,,,,,,,,,,,,,,,,,,,
graph_SOR4_D5_seed42,GNN TPC-DS v1 cluster,/Users/cayofel/Documents/GitHub/isomera_v2/main/core/algorithms/pickle/gin_gnn/modelos_gnn_separados/graph_SOR4_D5_seed42.pkl,baseline_tpcds_pickle,scenario_specific,TPC-DS v1 pickle map,0.5,0.8,0.0,0.0,4977.615793,0.030537,0.030537,190,0,0,38,152,0.0,0.0,0.0,10.0,,,,,,,,,,,,,,,,,,,,,,,,,,,,,
graph_SOR4_D5_seed42,GNN GenAI v2 Weighted BCE,/Users/cayofel/Documents/GitHub/isomera_v2/main/data/architectures/tpc_ds_genai_spec_v2/models/weighted_bce/GNN_tpcds_genai_spec_v2_weighted_bce_graph_SOR4_D5_seed42.pkl,genai_spec_v2_weighted_bce,scenario_specific,TPC-DS GenAI Spec v2 explicit routing,0.5,0.2,0.2,1300.144477,1300.144477,0.029228,0.029228,190,38,152,0,0,0.2,1.0,0.333333,10.0,,,,,,,,,,,,,,,,,,,,,,,,,,,,,
graph_SOR4_D5_seed42,GNN GenAI v2 Focal Loss,/Users/cayofel/Documents/GitHub/isomera_v2/main/data/architectures/tpc_ds_genai_spec_v2/models/focal_loss/GNN_tpcds_genai_spec_v2_focal_loss_graph_SOR4_D5_seed42.pkl,genai_spec_v2_focal_loss,scenario_specific,TPC-DS GenAI Spec v2 explicit routing,0.5,0.8,0.0,0.0,5031.387583,0.03021,0.03021,190,0,0,38,152,0.0,0.0,0.0,10.0,,,,,,,,,,,,,,,,,,,,,,,,,,,,,
graph_SOR4_D5_seed42,GNN GenAI v2 Hard Negatives,/Users/cayofel/Documents/GitHub/isomera_v2/main/data/architectures/tpc_ds_genai_spec_v2/models/hard_negatives/GNN_tpcds_genai_spec_v2_hard_negatives_graph_SOR4_D5_seed42.pkl,genai_spec_v2_hard_negatives,scenario_specific,TPC-DS GenAI Spec v2 explicit routing,0.5,0.8,0.0,0.0,5266.588563,0.028861,0.028861,190,0,0,38,152,0.0,0.0,0.0,10.0,,,,,,,,,,,,,,,,,,,,,,,,,,,,,
graph_SOR8_D1_seed42,VF2,,deterministic_baseline,not_applicable,deterministic_algorithm,0.5,0.333333,0.166667,432.839536,865.679071,0.005776,0.005776,15,2,8,2,3,0.2,0.5,0.285714,10.0,,,,,,,,,,,,,,,,,,,,,,,,,,,,,
graph_SOR8_D1_seed42,Node Match,,deterministic_baseline,not_applicable,deterministic_algorithm,0.5,0.733333,0.0,0.0,2525.240351,0.004356,0.004356,15,0,0,4,11,0.0,0.0,0.0,10.0,,,,,,,,,,,,,,,,,,,,,,,,,,,,,
graph_SOR8_D1_seed42,GNN TPC-DS v1 cluster,/Users/cayofel/Documents/GitHub/isomera_v2/main/core/algorithms/pickle/gin_gnn/modelos_gnn_separados/graph_SOR8_D1_seed42.pkl,baseline_tpcds_pickle,scenario_specific,TPC-DS v1 pickle map,0.5,0.266667,0.266667,1268.540714,1268.540714,0.003153,0.003153,15,4,11,0,0,0.266667,1.0,0.421053,10.0,,,,,,,,,,,,,,,,,,,,,,,,,,,,,
graph_SOR8_D1_seed42,GNN GenAI v2 Weighted BCE,/Users/cayofel/Documents/GitHub/isomera_v2/main/data/architectures/tpc_ds_genai_spec_v2/models/weighted_bce/GNN_tpcds_genai_spec_v2_weighted_bce_graph_SOR8_D1_seed42.pkl,genai_spec_v2_weighted_bce,scenario_specific,TPC-DS GenAI Spec v2 explicit routing,0.5,0.266667,0.266667,1383.395177,1383.395177,0.002891,0.002891,15,4,11,0,0,0.266667,1.0,0.421053,10.0,,,,,,,,,,,,,,,,,,,,,,,,,,,,,
graph_SOR8_D1_seed42,GNN GenAI v2 Focal Loss,/Users/cayofel/Documents/GitHub/isomera_v2/main/data/architectures/tpc_ds_genai_spec_v2/models/focal_loss/GNN_tpcds_genai_spec_v2_focal_loss_graph_SOR8_D1_seed42.pkl,genai_spec_v2_focal_loss,scenario_specific,TPC-DS GenAI Spec v2 explicit routing,0.5,0.733333,0.0,0.0,3792.667292,0.0029,0.0029,15,0,0,4,11,0.0,0.0,0.0,10.0,,,,,,,,,,,,,,,,,,,,,,,,,,,,,
graph_SOR8_D1_seed42,GNN GenAI v2 Hard Negatives,/Users/cayofel/Documents/GitHub/isomera_v2/main/data/architectures/tpc_ds_genai_spec_v2/models/hard_negatives/GNN_tpcds_genai_spec_v2_hard_negatives_graph_SOR8_D1_seed42.pkl,genai_spec_v2_hard_negatives,scenario_specific,TPC-DS GenAI Spec v2 explicit routing,0.5,0.733333,0.0,0.0,3482.52855,0.003159,0.003159,15,0,0,4,11,0.0,0.0,0.0,10.0,,,,,,,,,,,,,,,,,,,,,,,,,,,,,
graph_SOR8_D2_seed42,VF2,,deterministic_baseline,not_applicable,deterministic_algorithm,0.5,0.424242,0.116279,304.744237,1111.85473,0.025183,0.025183,66,5,26,12,23,0.16129,0.294118,0.208333,10.0,,,,,,,,,,,,,,,,,,,,,,,,,,,,,
graph_SOR8_D2_seed42,Node Match,,deterministic_baseline,not_applicable,deterministic_algorithm,0.5,0.742424,0.0,0.0,2718.84255,0.018022,0.018022,66,0,0,17,49,0.0,0.0,0.0,10.0,,,,,,,,,,,,,,,,,,,,,,,,,,,,,
graph_SOR8_D2_seed42,GNN TPC-DS v1 cluster,/Users/cayofel/Documents/GitHub/isomera_v2/main/core/algorithms/pickle/gin_gnn/modelos_gnn_separados/graph_SOR8_D2_seed42.pkl,baseline_tpcds_pickle,scenario_specific,TPC-DS v1 pickle map,0.5,0.742424,0.0,0.0,3753.800484,0.013053,0.013053,66,0,0,17,49,0.0,0.0,0.0,10.0,,,,,,,,,,,,,,,,,,,,,,,,,,,,,
graph_SOR8_D2_seed42,GNN GenAI v2 Weighted BCE,/Users/cayofel/Documents/GitHub/isomera_v2/main/data/architectures/tpc_ds_genai_spec_v2/models/weighted_bce/GNN_tpcds_genai_spec_v2_weighted_bce_graph_SOR8_D2_seed42.pkl,genai_spec_v2_weighted_bce,scenario_specific,TPC-DS GenAI Spec v2 explicit routing,0.5,0.530303,0.311111,1741.819756,2969.010948,0.011788,0.011788,66,14,28,3,21,0.333333,0.823529,0.474576,10.0,,,,,,,,,,,,,,,,,,,,,,,,,,,,,
graph_SOR8_D2_seed42,GNN GenAI v2 Focal Loss,/Users/cayofel/Documents/GitHub/isomera_v2/main/data/architectures/tpc_ds_genai_spec_v2/models/focal_loss/GNN_tpcds_genai_spec_v2_focal_loss_graph_SOR8_D2_seed42.pkl,genai_spec_v2_focal_loss,scenario_specific,TPC-DS GenAI Spec v2 explicit routing,0.5,0.742424,0.0,0.0,4284.496327,0.011437,0.011437,66,0,0,17,49,0.0,0.0,0.0,10.0,,,,,,,,,,,,,,,,,,,,,,,,,,,,,
graph_SOR8_D2_seed42,GNN GenAI v2 Hard Negatives,/Users/cayofel/Documents/GitHub/isomera_v2/main/data/architectures/tpc_ds_genai_spec_v2/models/hard_negatives/GNN_tpcds_genai_spec_v2_hard_negatives_graph_SOR8_D2_seed42.pkl,genai_spec_v2_hard_negatives,scenario_specific,TPC-DS GenAI Spec v2 explicit routing,0.5,0.742424,0.0,0.0,4204.918192,0.011653,0.011653,66,0,0,17,49,0.0,0.0,0.0,10.0,,,,,,,,,,,,,,,,,,,,,,,,,,,,,
graph_SOR8_D3_seed42,VF2,,deterministic_baseline,not_applicable,deterministic_algorithm,0.5,0.490196,0.170213,424.699317,1223.092395,0.06132,0.06132,153,16,60,18,59,0.210526,0.470588,0.290909,10.0,,,,,,,,,,,,,,,,,,,,,,,,,,,,,
graph_SOR8_D3_seed42,Node Match,,deterministic_baseline,not_applicable,deterministic_algorithm,0.5,0.777778,0.0,0.0,2759.630918,0.043122,0.043122,153,0,0,34,119,0.0,0.0,0.0,10.0,,,,,,,,,,,,,,,,,,,,,,,,,,,,,
graph_SOR8_D3_seed42,GNN TPC-DS v1 cluster,/Users/cayofel/Documents/GitHub/isomera_v2/main/core/algorithms/pickle/gin_gnn/modelos_gnn_separados/graph_SOR8_D3_seed42.pkl,baseline_tpcds_pickle,scenario_specific,TPC-DS v1 pickle map,0.5,0.777778,0.0,0.0,4100.381827,0.029022,0.029022,153,0,0,34,119,0.0,0.0,0.0,10.0,,,,,,,,,,,,,,,,,,,,,,,,,,,,,
graph_SOR8_D3_seed42,GNN GenAI v2 Weighted BCE,/Users/cayofel/Documents/GitHub/isomera_v2/main/data/architectures/tpc_ds_genai_spec_v2/models/weighted_bce/GNN_tpcds_genai_spec_v2_weighted_bce_graph_SOR8_D3_seed42.pkl,genai_spec_v2_weighted_bce,scenario_specific,TPC-DS GenAI Spec v2 explicit routing,0.5,0.686275,0.323944,1884.085489,3991.434306,0.026306,0.026306,153,23,37,11,82,0.383333,0.676471,0.489362,10.0,,,,,,,,,,,,,,,,,,,,,,,,,,,,,
graph_SOR8_D3_seed42,GNN GenAI v2 Focal Loss,/Users/cayofel/Documents/GitHub/isomera_v2/main/data/architectures/tpc_ds_genai_spec_v2/models/focal_loss/GNN_tpcds_genai_spec_v2_focal_loss_graph_SOR8_D3_seed42.pkl,genai_spec_v2_focal_loss,scenario_specific,TPC-DS GenAI Spec v2 explicit routing,0.5,0.777778,0.0,0.0,4641.377982,0.025639,0.025639,153,0,0,34,119,0.0,0.0,0.0,10.0,,,,,,,,,,,,,,,,,,,,,,,,,,,,,
graph_SOR8_D3_seed42,GNN GenAI v2 Hard Negatives,/Users/cayofel/Documents/GitHub/isomera_v2/main/data/architectures/tpc_ds_genai_spec_v2/models/hard_negatives/GNN_tpcds_genai_spec_v2_hard_negatives_graph_SOR8_D3_seed42.pkl,genai_spec_v2_hard_negatives,scenario_specific,TPC-DS GenAI Spec v2 explicit routing,0.5,0.777778,0.0,0.0,4613.826323,0.025792,0.025792,153,0,0,34,119,0.0,0.0,0.0,10.0,,,,,,,,,,,,,,,,,,,,,,,,,,,,,
graph_SOR8_D4_seed42,VF2,,deterministic_baseline,not_applicable,deterministic_algorithm,0.5,0.434783,0.174603,462.985994,1152.890026,0.104086,0.104086,276,33,127,29,87,0.20625,0.532258,0.297297,10.0,,,,,,,,,,,,,,,,,,,,,,,,,,,,,
graph_SOR8_D4_seed42,Node Match,,deterministic_baseline,not_applicable,deterministic_algorithm,0.5,0.775362,0.0,0.0,2869.492555,0.074578,0.074578,276,0,0,62,214,0.0,0.0,0.0,10.0,,,,,,,,,,,,,,,,,,,,,,,,,,,,,
graph_SOR8_D4_seed42,GNN TPC-DS v1 cluster,/Users/cayofel/Documents/GitHub/isomera_v2/main/core/algorithms/pickle/gin_gnn/modelos_gnn_separados/graph_SOR8_D4_seed42.pkl,baseline_tpcds_pickle,scenario_specific,TPC-DS v1 pickle map,0.5,0.775362,0.0,0.0,4284.952677,0.049942,0.049942,276,0,0,62,214,0.0,0.0,0.0,10.0,,,,,,,,,,,,,,,,,,,,,,,,,,,,,
graph_SOR8_D4_seed42,GNN GenAI v2 Weighted BCE,/Users/cayofel/Documents/GitHub/isomera_v2/main/data/architectures/tpc_ds_genai_spec_v2/models/weighted_bce/GNN_tpcds_genai_spec_v2_weighted_bce_graph_SOR8_D4_seed42.pkl,genai_spec_v2_weighted_bce,scenario_specific,TPC-DS GenAI Spec v2 explicit routing,0.5,0.224638,0.224638,1433.406567,1433.406567,0.043254,0.043254,276,62,214,0,0,0.224638,1.0,0.366864,10.0,,,,,,,,,,,,,,,,,,,,,,,,,,,,,
graph_SOR8_D4_seed42,GNN GenAI v2 Focal Loss,/Users/cayofel/Documents/GitHub/isomera_v2/main/data/architectures/tpc_ds_genai_spec_v2/models/focal_loss/GNN_tpcds_genai_spec_v2_focal_loss_graph_SOR8_D4_seed42.pkl,genai_spec_v2_focal_loss,scenario_specific,TPC-DS GenAI Spec v2 explicit routing,0.5,0.775362,0.0,0.0,4795.777905,0.044623,0.044623,276,0,0,62,214,0.0,0.0,0.0,10.0,,,,,,,,,,,,,,,,,,,,,,,,,,,,,
graph_SOR8_D4_seed42,GNN GenAI v2 Hard Negatives,/Users/cayofel/Documents/GitHub/isomera_v2/main/data/architectures/tpc_ds_genai_spec_v2/models/hard_negatives/GNN_tpcds_genai_spec_v2_hard_negatives_graph_SOR8_D4_seed42.pkl,genai_spec_v2_hard_negatives,scenario_specific,TPC-DS GenAI Spec v2 explicit routing,0.5,0.775362,0.0,0.0,4873.33219,0.043912,0.043912,276,0,0,62,214,0.0,0.0,0.0,10.0,,,,,,,,,,,,,,,,,,,,,,,,,,,,,
graph_SOR8_D5_seed42,VF2,,deterministic_baseline,not_applicable,deterministic_algorithm,0.5,0.51954,0.196154,531.157159,1406.842221,0.160643,0.160643,435,51,167,42,175,0.233945,0.548387,0.327974,10.0,,,,,,,,,,,,,,,,,,,,,,,,,,,,,
graph_SOR8_D5_seed42,Node Match,,deterministic_baseline,not_applicable,deterministic_algorithm,0.5,0.786207,0.0,0.0,2872.725461,0.119051,0.119051,435,0,0,93,342,0.0,0.0,0.0,10.0,,,,,,,,,,,,,,,,,,,,,,,,,,,,,
graph_SOR8_D5_seed42,GNN TPC-DS v1 cluster,/Users/cayofel/Documents/GitHub/isomera_v2/main/core/algorithms/pickle/gin_gnn/modelos_gnn_separados/graph_SOR8_D5_seed42.pkl,baseline_tpcds_pickle,scenario_specific,TPC-DS v1 pickle map,0.5,0.786207,0.0,0.0,4303.885338,0.079463,0.079463,435,0,0,93,342,0.0,0.0,0.0,10.0,,,,,,,,,,,,,,,,,,,,,,,,,,,,,
graph_SOR8_D5_seed42,GNN GenAI v2 Weighted BCE,/Users/cayofel/Documents/GitHub/isomera_v2/main/data/architectures/tpc_ds_genai_spec_v2/models/weighted_bce/GNN_tpcds_genai_spec_v2_weighted_bce_graph_SOR8_D5_seed42.pkl,genai_spec_v2_weighted_bce,scenario_specific,TPC-DS GenAI Spec v2 explicit routing,0.5,0.213793,0.213793,1257.609314,1257.609314,0.07395,0.07395,435,93,342,0,0,0.213793,1.0,0.352273,10.0,,,,,,,,,,,,,,,,,,,,,,,,,,,,,
graph_SOR8_D5_seed42,GNN GenAI v2 Focal Loss,/Users/cayofel/Documents/GitHub/isomera_v2/main/data/architectures/tpc_ds_genai_spec_v2/models/focal_loss/GNN_tpcds_genai_spec_v2_focal_loss_graph_SOR8_D5_seed42.pkl,genai_spec_v2_focal_loss,scenario_specific,TPC-DS GenAI Spec v2 explicit routing,0.5,0.786207,0.0,0.0,4660.571244,0.073382,0.073382,435,0,0,93,342,0.0,0.0,0.0,10.0,,,,,,,,,,,,,,,,,,,,,,,,,,,,,
graph_SOR8_D5_seed42,GNN GenAI v2 Hard Negatives,/Users/cayofel/Documents/GitHub/isomera_v2/main/data/architectures/tpc_ds_genai_spec_v2/models/hard_negatives/GNN_tpcds_genai_spec_v2_hard_negatives_graph_SOR8_D5_seed42.pkl,genai_spec_v2_hard_negatives,scenario_specific,TPC-DS GenAI Spec v2 explicit routing,0.5,0.786207,0.0,0.0,4817.929188,0.070985,0.070985,435,0,0,93,342,0.0,0.0,0.0,10.0,,,,,,,,,,,,,,,,,,,,,,,,,,,,,
graph_SOR2_D1_seed42,Vanilla VMamba graph-image proxy,/Users/cayofel/Documents/GitHub/isomera_v2/main/data/architectures/tpc_ds_genai_spec_v2/models/vanilla_vmamba/Vanilla_VMamba_graph_image_proxy_graph_SOR2_D1_seed42.pkl,scenario_specific_vmamba_pickle,scenario_specific,VMamba-Mesh Study Lab CPU benchmark,0.55,1.0,1.0,13498.370781,13498.370781,7.4e-05,7.4e-05,1,1,0,0,0,1.0,1.0,1.0,10.0,,,,,,,,,,,,,,,,,,,,,,,,,,,,,
graph_SOR2_D2_seed42,Vanilla VMamba graph-image proxy,/Users/cayofel/Documents/GitHub/isomera_v2/main/data/architectures/tpc_ds_genai_spec_v2/models/vanilla_vmamba/Vanilla_VMamba_graph_image_proxy_graph_SOR2_D2_seed42.pkl,scenario_specific_vmamba_pickle,scenario_specific,VMamba-Mesh Study Lab CPU benchmark,0.775,0.666667,0.5,7431.113715,9908.15162,0.000404,0.000404,6,2,2,0,2,0.5,1.0,0.666667,10.0,,,,,,,,,,,,,,,,,,,,,,,,,,,,,
graph_SOR2_D3_seed42,Vanilla VMamba graph-image proxy,/Users/cayofel/Documents/GitHub/isomera_v2/main/data/architectures/tpc_ds_genai_spec_v2/models/vanilla_vmamba/Vanilla_VMamba_graph_image_proxy_graph_SOR2_D3_seed42.pkl,scenario_specific_vmamba_pickle,scenario_specific,VMamba-Mesh Study Lab CPU benchmark,0.9,0.733333,0.428571,6546.406765,11201.629354,0.000982,0.000982,15,3,1,3,8,0.75,0.5,0.6,10.0,,,,,,,,,,,,,,,,,,,,,,,,,,,,,
graph_SOR2_D4_seed42,Vanilla VMamba graph-image proxy,/Users/cayofel/Documents/GitHub/isomera_v2/main/data/architectures/tpc_ds_genai_spec_v2/models/vanilla_vmamba/Vanilla_VMamba_graph_image_proxy_graph_SOR2_D4_seed42.pkl,scenario_specific_vmamba_pickle,scenario_specific,VMamba-Mesh Study Lab CPU benchmark,0.9,0.857143,0.666667,10678.999583,13730.142321,0.001748,0.001748,28,8,4,0,16,0.666667,1.0,0.8,10.0,,,,,,,,,,,,,,,,,,,,,,,,,,,,,
graph_SOR2_D5_seed42,Vanilla VMamba graph-image proxy,/Users/cayofel/Documents/GitHub/isomera_v2/main/data/architectures/tpc_ds_genai_spec_v2/models/vanilla_vmamba/Vanilla_VMamba_graph_image_proxy_graph_SOR2_D5_seed42.pkl,scenario_specific_vmamba_pickle,scenario_specific,VMamba-Mesh Study Lab CPU benchmark,0.9,0.911111,0.714286,10913.611849,13920.918225,0.002945,0.002945,45,10,1,3,31,0.909091,0.769231,0.833333,10.0,,,,,,,,,,,,,,,,,,,,,,,,,,,,,
graph_SOR4_D1_seed42,Vanilla VMamba graph-image proxy,/Users/cayofel/Documents/GitHub/isomera_v2/main/data/architectures/tpc_ds_genai_spec_v2/models/vanilla_vmamba/Vanilla_VMamba_graph_image_proxy_graph_SOR4_D1_seed42.pkl,scenario_specific_vmamba_pickle,scenario_specific,VMamba-Mesh Study Lab CPU benchmark,0.775,1.0,1.0,13361.169112,13361.169112,0.000449,0.000449,6,3,0,0,3,1.0,1.0,1.0,10.0,,,,,,,,,,,,,,,,,,,,,,,,,,,,,
graph_SOR4_D2_seed42,Vanilla VMamba graph-image proxy,/Users/cayofel/Documents/GitHub/isomera_v2/main/data/architectures/tpc_ds_genai_spec_v2/models/vanilla_vmamba/Vanilla_VMamba_graph_image_proxy_graph_SOR4_D2_seed42.pkl,scenario_specific_vmamba_pickle,scenario_specific,VMamba-Mesh Study Lab CPU benchmark,0.525,0.428571,0.428571,4214.839509,4214.839509,0.002847,0.002847,28,12,16,0,0,0.428571,1.0,0.6,10.0,,,,,,,,,,,,,,,,,,,,,,,,,,,,,
graph_SOR4_D3_seed42,Vanilla VMamba graph-image proxy,/Users/cayofel/Documents/GitHub/isomera_v2/main/data/architectures/tpc_ds_genai_spec_v2/models/vanilla_vmamba/Vanilla_VMamba_graph_image_proxy_graph_SOR4_D3_seed42.pkl,scenario_specific_vmamba_pickle,scenario_specific,VMamba-Mesh Study Lab CPU benchmark,0.9,0.848485,0.5,6829.647568,11589.704965,0.004832,0.004832,66,10,6,4,46,0.625,0.714286,0.666667,10.0,,,,,,,,,,,,,,,,,,,,,,,,,,,,,
graph_SOR4_D4_seed42,Vanilla VMamba graph-image proxy,/Users/cayofel/Documents/GitHub/isomera_v2/main/data/architectures/tpc_ds_genai_spec_v2/models/vanilla_vmamba/Vanilla_VMamba_graph_image_proxy_graph_SOR4_D4_seed42.pkl,scenario_specific_vmamba_pickle,scenario_specific,VMamba-Mesh Study Lab CPU benchmark,0.675,0.533333,0.317073,3716.706802,6251.691441,0.010237,0.010237,120,26,52,4,38,0.333333,0.866667,0.481481,10.0,,,,,,,,,,,,,,,,,,,,,,,,,,,,,
graph_SOR4_D5_seed42,Vanilla VMamba graph-image proxy,/Users/cayofel/Documents/GitHub/isomera_v2/main/data/architectures/tpc_ds_genai_spec_v2/models/vanilla_vmamba/Vanilla_VMamba_graph_image_proxy_graph_SOR4_D5_seed42.pkl,scenario_specific_vmamba_pickle,scenario_specific,VMamba-Mesh Study Lab CPU benchmark,0.625,0.263158,0.213483,2859.867368,3525.321271,0.014183,0.014183,190,38,140,0,12,0.213483,1.0,0.351852,10.0,,,,,,,,,,,,,,,,,,,,,,,,,,,,,
graph_SOR8_D1_seed42,Vanilla VMamba graph-image proxy,/Users/cayofel/Documents/GitHub/isomera_v2/main/data/architectures/tpc_ds_genai_spec_v2/models/vanilla_vmamba/Vanilla_VMamba_graph_image_proxy_graph_SOR8_D1_seed42.pkl,scenario_specific_vmamba_pickle,scenario_specific,VMamba-Mesh Study Lab CPU benchmark,0.55,0.266667,0.266667,2769.245064,2769.245064,0.001444,0.001444,15,4,11,0,0,0.266667,1.0,0.421053,10.0,,,,,,,,,,,,,,,,,,,,,,,,,,,,,
graph_SOR8_D2_seed42,Vanilla VMamba graph-image proxy,/Users/cayofel/Documents/GitHub/isomera_v2/main/data/architectures/tpc_ds_genai_spec_v2/models/vanilla_vmamba/Vanilla_VMamba_graph_image_proxy_graph_SOR8_D2_seed42.pkl,scenario_specific_vmamba_pickle,scenario_specific,VMamba-Mesh Study Lab CPU benchmark,0.725,0.409091,0.277778,2552.83333,3759.627268,0.007182,0.007182,66,15,37,2,12,0.288462,0.882353,0.434783,10.0,,,,,,,,,,,,,,,,,,,,,,,,,,,,,
graph_SOR8_D3_seed42,Vanilla VMamba graph-image proxy,/Users/cayofel/Documents/GitHub/isomera_v2/main/data/architectures/tpc_ds_genai_spec_v2/models/vanilla_vmamba/Vanilla_VMamba_graph_image_proxy_graph_SOR8_D3_seed42.pkl,scenario_specific_vmamba_pickle,scenario_specific,VMamba-Mesh Study Lab CPU benchmark,0.7,0.477124,0.230769,1934.336851,3999.315188,0.018253,0.018253,153,24,70,10,49,0.255319,0.705882,0.375,10.0,,,,,,,,,,,,,,,,,,,,,,,,,,,,,
graph_SOR8_D4_seed42,Vanilla VMamba graph-image proxy,/Users/cayofel/Documents/GitHub/isomera_v2/main/data/architectures/tpc_ds_genai_spec_v2/models/vanilla_vmamba/Vanilla_VMamba_graph_image_proxy_graph_SOR8_D4_seed42.pkl,scenario_specific_vmamba_pickle,scenario_specific,VMamba-Mesh Study Lab CPU benchmark,0.625,0.253623,0.228464,2105.898716,2337.802744,0.029943,0.029943,276,61,205,1,9,0.229323,0.983871,0.371951,10.0,,,,,,,,,,,,,,,,,,,,,,,,,,,,,
graph_SOR8_D5_seed42,Vanilla VMamba graph-image proxy,/Users/cayofel/Documents/GitHub/isomera_v2/main/data/architectures/tpc_ds_genai_spec_v2/models/vanilla_vmamba/Vanilla_VMamba_graph_image_proxy_graph_SOR8_D5_seed42.pkl,scenario_specific_vmamba_pickle,scenario_specific,VMamba-Mesh Study Lab CPU benchmark,0.775,0.694253,0.248588,1986.927567,5549.071378,0.054424,0.054424,435,44,84,49,258,0.34375,0.473118,0.39819,10.0,,,,,,,,,,,,,,,,,,,,,,,,,,,,,
graph_SOR16_D1_seed42,Vanilla VMamba graph-image proxy,/Users/cayofel/Documents/GitHub/isomera_v2/main/data/architectures/tpc_ds_genai_spec_v2/models/vanilla_vmamba/Vanilla_VMamba_graph_image_proxy_graph_SOR16_D1_seed42.pkl,scenario_specific_vmamba_pickle,scenario_specific,VMamba-Mesh Study Lab CPU benchmark,0.55,0.2,0.2,2044.061098,2044.061098,0.001468,0.001468,15,3,12,0,0,0.2,1.0,0.333333,10.0,,,,,,,,,,,,,,,,,,,,,,,,,,,,,
graph_SOR16_D2_seed42,Vanilla VMamba graph-image proxy,/Users/cayofel/Documents/GitHub/isomera_v2/main/data/architectures/tpc_ds_genai_spec_v2/models/vanilla_vmamba/Vanilla_VMamba_graph_image_proxy_graph_SOR16_D2_seed42.pkl,scenario_specific_vmamba_pickle,scenario_specific,VMamba-Mesh Study Lab CPU benchmark,0.725,0.393939,0.215686,1975.963448,3608.991091,0.007204,0.007204,66,11,37,3,15,0.229167,0.785714,0.354839,10.0,,,,,,,,,,,,,,,,,,,,,,,,,,,,,
graph_SOR16_D3_seed42,Vanilla VMamba graph-image proxy,/Users/cayofel/Documents/GitHub/isomera_v2/main/data/architectures/tpc_ds_genai_spec_v2/models/vanilla_vmamba/Vanilla_VMamba_graph_image_proxy_graph_SOR16_D3_seed42.pkl,scenario_specific_vmamba_pickle,scenario_specific,VMamba-Mesh Study Lab CPU benchmark,0.875,0.816993,0.263158,2232.622322,6931.343812,0.018034,0.018034,153,10,5,23,115,0.666667,0.30303,0.416667,10.0,,,,,,,,,,,,,,,,,,,,,,,,,,,,,
graph_SOR16_D4_seed42,Vanilla VMamba graph-image proxy,/Users/cayofel/Documents/GitHub/isomera_v2/main/data/architectures/tpc_ds_genai_spec_v2/models/vanilla_vmamba/Vanilla_VMamba_graph_image_proxy_graph_SOR16_D4_seed42.pkl,scenario_specific_vmamba_pickle,scenario_specific,VMamba-Mesh Study Lab CPU benchmark,0.6,0.228261,0.216912,2004.218937,2109.082271,0.029871,0.029871,276,59,213,0,4,0.216912,1.0,0.356495,10.0,,,,,,,,,,,,,,,,,,,,,,,,,,,,,
graph_SOR16_D5_seed42,Vanilla VMamba graph-image proxy,/Users/cayofel/Documents/GitHub/isomera_v2/main/data/architectures/tpc_ds_genai_spec_v2/models/vanilla_vmamba/Vanilla_VMamba_graph_image_proxy_graph_SOR16_D5_seed42.pkl,scenario_specific_vmamba_pickle,scenario_specific,VMamba-Mesh Study Lab CPU benchmark,0.825,0.749425,0.248276,1879.237942,5672.514529,0.05747,0.05747,435,36,52,57,290,0.409091,0.387097,0.39779,10.0,,,,,,,,,,,,,,,,,,,,,,,,,,,,,
graph_SOR2_D1_seed42,VMamba-Mesh Isomera adapter,/Users/cayofel/Documents/GitHub/isomera_v2/main/data/architectures/tpc_ds_genai_spec_v2/models/vmamba_mesh/VMamba_Mesh_Isomera_adapter_graph_SOR2_D1_seed42.pkl,scenario_specific_vmamba_pickle,scenario_specific,VMamba-Mesh Study Lab CPU benchmark,0.5,1.0,1.0,14332.705835,14332.705835,7e-05,7e-05,1,1,0,0,0,1.0,1.0,1.0,10.0,,,,,,,,,,,,,,,,,,,,,,,,,,,,,
graph_SOR2_D2_seed42,VMamba-Mesh Isomera adapter,/Users/cayofel/Documents/GitHub/isomera_v2/main/data/architectures/tpc_ds_genai_spec_v2/models/vmamba_mesh/VMamba_Mesh_Isomera_adapter_graph_SOR2_D2_seed42.pkl,scenario_specific_vmamba_pickle,scenario_specific,VMamba-Mesh Study Lab CPU benchmark,0.675,0.833333,0.666667,9766.018337,12207.522921,0.00041,0.00041,6,2,1,0,3,0.666667,1.0,0.8,10.0,,,,,,,,,,,,,,,,,,,,,,,,,,,,,
graph_SOR2_D3_seed42,VMamba-Mesh Isomera adapter,/Users/cayofel/Documents/GitHub/isomera_v2/main/data/architectures/tpc_ds_genai_spec_v2/models/vmamba_mesh/VMamba_Mesh_Isomera_adapter_graph_SOR2_D3_seed42.pkl,scenario_specific_vmamba_pickle,scenario_specific,VMamba-Mesh Study Lab CPU benchmark,0.575,0.733333,0.555556,8972.030117,11843.079755,0.000929,0.000929,15,5,3,1,6,0.625,0.833333,0.714286,10.0,,,,,,,,,,,,,,,,,,,,,,,,,,,,,
graph_SOR2_D4_seed42,VMamba-Mesh Isomera adapter,/Users/cayofel/Documents/GitHub/isomera_v2/main/data/architectures/tpc_ds_genai_spec_v2/models/vmamba_mesh/VMamba_Mesh_Isomera_adapter_graph_SOR2_D4_seed42.pkl,scenario_specific_vmamba_pickle,scenario_specific,VMamba-Mesh Study Lab CPU benchmark,0.625,0.857143,0.666667,11093.503419,14263.075824,0.001683,0.001683,28,8,4,0,16,0.666667,1.0,0.8,10.0,,,,,,,,,,,,,,,,,,,,,,,,,,,,,
graph_SOR2_D5_seed42,VMamba-Mesh Isomera adapter,/Users/cayofel/Documents/GitHub/isomera_v2/main/data/architectures/tpc_ds_genai_spec_v2/models/vmamba_mesh/VMamba_Mesh_Isomera_adapter_graph_SOR2_D5_seed42.pkl,scenario_specific_vmamba_pickle,scenario_specific,VMamba-Mesh Study Lab CPU benchmark,0.625,0.911111,0.714286,11001.705331,14033.286356,0.002922,0.002922,45,10,1,3,31,0.909091,0.769231,0.833333,10.0,,,,,,,,,,,,,,,,,,,,,,,,,,,,,
graph_SOR4_D1_seed42,VMamba-Mesh Isomera adapter,/Users/cayofel/Documents/GitHub/isomera_v2/main/data/architectures/tpc_ds_genai_spec_v2/models/vmamba_mesh/VMamba_Mesh_Isomera_adapter_graph_SOR4_D1_seed42.pkl,scenario_specific_vmamba_pickle,scenario_specific,VMamba-Mesh Study Lab CPU benchmark,0.825,1.0,1.0,13982.623474,13982.623474,0.000429,0.000429,6,3,0,0,3,1.0,1.0,1.0,10.0,,,,,,,,,,,,,,,,,,,,,,,,,,,,,
graph_SOR4_D2_seed42,VMamba-Mesh Isomera adapter,/Users/cayofel/Documents/GitHub/isomera_v2/main/data/architectures/tpc_ds_genai_spec_v2/models/vmamba_mesh/VMamba_Mesh_Isomera_adapter_graph_SOR4_D2_seed42.pkl,scenario_specific_vmamba_pickle,scenario_specific,VMamba-Mesh Study Lab CPU benchmark,0.35,0.464286,0.444444,4426.035296,4623.626158,0.002812,0.002812,28,12,15,0,1,0.444444,1.0,0.615385,10.0,,,,,,,,,,,,,,,,,,,,,,,,,,,,,
graph_SOR4_D3_seed42,VMamba-Mesh Isomera adapter,/Users/cayofel/Documents/GitHub/isomera_v2/main/data/architectures/tpc_ds_genai_spec_v2/models/vmamba_mesh/VMamba_Mesh_Isomera_adapter_graph_SOR4_D3_seed42.pkl,scenario_specific_vmamba_pickle,scenario_specific,VMamba-Mesh Study Lab CPU benchmark,0.6,0.69697,0.375,5205.297991,9674.493236,0.004755,0.004755,66,12,18,2,34,0.4,0.857143,0.545455,10.0,,,,,,,,,,,,,,,,,,,,,,,,,,,,,
graph_SOR4_D4_seed42,VMamba-Mesh Isomera adapter,/Users/cayofel/Documents/GitHub/isomera_v2/main/data/architectures/tpc_ds_genai_spec_v2/models/vmamba_mesh/VMamba_Mesh_Isomera_adapter_graph_SOR4_D4_seed42.pkl,scenario_specific_vmamba_pickle,scenario_specific,VMamba-Mesh Study Lab CPU benchmark,0.525,0.725,0.377358,4536.439123,8715.633665,0.009982,0.009982,120,20,23,10,67,0.465116,0.666667,0.547945,10.0,,,,,,,,,,,,,,,,,,,,,,,,,,,,,
graph_SOR4_D5_seed42,VMamba-Mesh Isomera adapter,/Users/cayofel/Documents/GitHub/isomera_v2/main/data/architectures/tpc_ds_genai_spec_v2/models/vmamba_mesh/VMamba_Mesh_Isomera_adapter_graph_SOR4_D5_seed42.pkl,scenario_specific_vmamba_pickle,scenario_specific,VMamba-Mesh Study Lab CPU benchmark,0.525,0.6,0.269231,3644.956233,8123.045319,0.014034,0.014034,190,28,66,10,86,0.297872,0.736842,0.424242,10.0,,,,,,,,,,,,,,,,,,,,,,,,,,,,,
graph_SOR8_D1_seed42,VMamba-Mesh Isomera adapter,/Users/cayofel/Documents/GitHub/isomera_v2/main/data/architectures/tpc_ds_genai_spec_v2/models/vmamba_mesh/VMamba_Mesh_Isomera_adapter_graph_SOR8_D1_seed42.pkl,scenario_specific_vmamba_pickle,scenario_specific,VMamba-Mesh Study Lab CPU benchmark,0.55,0.266667,0.266667,2688.021189,2688.021189,0.001488,0.001488,15,4,11,0,0,0.266667,1.0,0.421053,10.0,,,,,,,,,,,,,,,,,,,,,,,,,,,,,
graph_SOR8_D2_seed42,VMamba-Mesh Isomera adapter,/Users/cayofel/Documents/GitHub/isomera_v2/main/data/architectures/tpc_ds_genai_spec_v2/models/vmamba_mesh/VMamba_Mesh_Isomera_adapter_graph_SOR8_D2_seed42.pkl,scenario_specific_vmamba_pickle,scenario_specific,VMamba-Mesh Study Lab CPU benchmark,0.55,0.530303,0.27907,2568.880493,4881.521644,0.00717,0.00717,66,12,26,5,23,0.315789,0.705882,0.436364,10.0,,,,,,,,,,,,,,,,,,,,,,,,,,,,,
graph_SOR8_D3_seed42,VMamba-Mesh Isomera adapter,/Users/cayofel/Documents/GitHub/isomera_v2/main/data/architectures/tpc_ds_genai_spec_v2/models/vmamba_mesh/VMamba_Mesh_Isomera_adapter_graph_SOR8_D3_seed42.pkl,scenario_specific_vmamba_pickle,scenario_specific,VMamba-Mesh Study Lab CPU benchmark,0.575,0.679739,0.279412,2359.534628,5740.154417,0.018118,0.018118,153,19,34,15,85,0.358491,0.558824,0.436782,10.0,,,,,,,,,,,,,,,,,,,,,,,,,,,,,
graph_SOR8_D4_seed42,VMamba-Mesh Isomera adapter,/Users/cayofel/Documents/GitHub/isomera_v2/main/data/architectures/tpc_ds_genai_spec_v2/models/vmamba_mesh/VMamba_Mesh_Isomera_adapter_graph_SOR8_D4_seed42.pkl,scenario_specific_vmamba_pickle,scenario_specific,VMamba-Mesh Study Lab CPU benchmark,0.575,0.692029,0.26087,2385.190271,6327.379748,0.030186,0.030186,276,30,53,32,161,0.361446,0.483871,0.413793,10.0,,,,,,,,,,,,,,,,,,,,,,,,,,,,,
graph_SOR8_D5_seed42,VMamba-Mesh Isomera adapter,/Users/cayofel/Documents/GitHub/isomera_v2/main/data/architectures/tpc_ds_genai_spec_v2/models/vmamba_mesh/VMamba_Mesh_Isomera_adapter_graph_SOR8_D5_seed42.pkl,scenario_specific_vmamba_pickle,scenario_specific,VMamba-Mesh Study Lab CPU benchmark,0.425,0.489655,0.234483,1825.382203,3811.827542,0.055879,0.055879,435,68,197,25,145,0.256604,0.731183,0.379888,10.0,,,,,,,,,,,,,,,,,,,,,,,,,,,,,
graph_SOR16_D1_seed42,VMamba-Mesh Isomera adapter,/Users/cayofel/Documents/GitHub/isomera_v2/main/data/architectures/tpc_ds_genai_spec_v2/models/vmamba_mesh/VMamba_Mesh_Isomera_adapter_graph_SOR16_D1_seed42.pkl,scenario_specific_vmamba_pickle,scenario_specific,VMamba-Mesh Study Lab CPU benchmark,0.85,0.8,0.25,2442.764351,7816.845924,0.001535,0.001535,15,1,1,2,11,0.5,0.333333,0.4,10.0,,,,,,,,,,,,,,,,,,,,,,,,,,,,,
graph_SOR16_D2_seed42,VMamba-Mesh Isomera adapter,/Users/cayofel/Documents/GitHub/isomera_v2/main/data/architectures/tpc_ds_genai_spec_v2/models/vmamba_mesh/VMamba_Mesh_Isomera_adapter_graph_SOR16_D2_seed42.pkl,scenario_specific_vmamba_pickle,scenario_specific,VMamba-Mesh Study Lab CPU benchmark,0.375,0.348485,0.232143,2045.487911,3070.615885,0.00749,0.00749,66,13,42,1,10,0.236364,0.928571,0.376812,10.0,,,,,,,,,,,,,,,,,,,,,,,,,,,,,
graph_SOR16_D3_seed42,VMamba-Mesh Isomera adapter,/Users/cayofel/Documents/GitHub/isomera_v2/main/data/architectures/tpc_ds_genai_spec_v2/models/vmamba_mesh/VMamba_Mesh_Isomera_adapter_graph_SOR16_D3_seed42.pkl,scenario_specific_vmamba_pickle,scenario_specific,VMamba-Mesh Study Lab CPU benchmark,0.575,0.699346,0.28125,2196.312364,5461.273446,0.019593,0.019593,153,18,31,15,89,0.367347,0.545455,0.439024,10.0,,,,,,,,,,,,,,,,,,,,,,,,,,,,,
graph_SOR16_D4_seed42,VMamba-Mesh Isomera adapter,/Users/cayofel/Documents/GitHub/isomera_v2/main/data/architectures/tpc_ds_genai_spec_v2/models/vmamba_mesh/VMamba_Mesh_Isomera_adapter_graph_SOR16_D4_seed42.pkl,scenario_specific_vmamba_pickle,scenario_specific,VMamba-Mesh Study Lab CPU benchmark,0.575,0.688406,0.258621,2218.979808,5906.559778,0.032168,0.032168,276,30,57,29,160,0.344828,0.508475,0.410959,10.0,,,,,,,,,,,,,,,,,,,,,,,,,,,,,
graph_SOR16_D5_seed42,VMamba-Mesh Isomera adapter,/Users/cayofel/Documents/GitHub/isomera_v2/main/data/architectures/tpc_ds_genai_spec_v2/models/vmamba_mesh/VMamba_Mesh_Isomera_adapter_graph_SOR16_D5_seed42.pkl,scenario_specific_vmamba_pickle,scenario_specific,VMamba-Mesh Study Lab CPU benchmark,0.35,0.416092,0.23494,1603.012017,2839.027353,0.063754,0.063754,435,78,239,15,103,0.246057,0.83871,0.380488,10.0,,,,,,,,,,,,,,,,,,,,,,,,,,,,,
graph_SOR2_D1_seed42,VMamba-T,,,,,,1.0,1.0,22.257256627972065,,0.04492916699999938,,1,1,0,0,0,1.0,1.0,1.0,,tpc_ds_genai_spec_v2,VMamba-T,vmamba_t,"[{""channel"": ""C0"", ""name"": ""Forward adjacency"", ""role"": ""edges in canonical lineage direction""}, {""channel"": ""C1"", ""name"": ""Reverse adjacency"", ""role"": ""reverse edges for bidirectional scan context""}]",tiny,16.0,2.0,1-1-2-1,32-64-128-256,128.0,128.0,1.0,8.0,0.001,weighted_bce,adamw,0.1,0.05,0.05,mps,mps,True,,0.1,1.0,0.04492916699999938,22.257256627972065,/Users/cayofel/Documents/GitHub/isomera_v2/main/data/architectures/tpc_ds_genai_spec_v2/models/vmamba_t/VMambaT_graph_SOR2_D1_seed42_tiny_r16_d1-1-2-1_w32-64-128-256_lossweighted_bce_lr0p001_seed42.pkl,/Users/cayofel/Documents/GitHub/isomera_v2/main/data/architectures/tpc_ds_genai_spec_v2/models/vmamba_t/VMambaT_graph_SOR2_D1_seed42_tiny_r16_d1-1-2-1_w32-64-128-256_lossweighted_bce_lr0p001_seed42.json
graph_SOR2_D1_seed42,VMamba-Mesh-T,,,,,,1.0,1.0,25.479816800117064,,0.03924675000000022,,1,1,0,0,0,1.0,1.0,1.0,,tpc_ds_genai_spec_v2,VMamba-Mesh-T,vmamba_mesh_t,"[{""channel"": ""C0"", ""name"": ""Forward adjacency"", ""role"": ""edges in canonical lineage direction""}, {""channel"": ""C1"", ""name"": ""Reverse adjacency"", ""role"": ""reverse edges for bidirectional scan context""}, {""channel"": ""C2"", ""name"": ""Layer diagonal"", ""role"": ""SOR/SOT/SPEC layer identity on the diagonal""}, {""channel"": ""C3"", ""name"": ""Degree fingerprint"", ""role"": ""local structural degree signature on the diagonal""}, {""channel"": ""C4"", ""name"": ""Lineage route bias"", ""role"": ""route prior for SOR -> SOT -> SPEC traversal""}, {""channel"": ""C5"", ""name"": ""Sparse mask"", ""role"": ""occupied cells so sparse zeros are not treated as missing evidence""}]",tiny,16.0,2.0,1-1-2-1,32-64-128-256,128.0,128.0,1.0,8.0,0.001,weighted_bce,adamw,0.1,0.05,0.05,mps,mps,True,,0.1,1.0,0.03924675000000022,25.479816800117064,/Users/cayofel/Documents/GitHub/isomera_v2/main/data/architectures/tpc_ds_genai_spec_v2/models/vmamba_mesh_t/VMambaMeshT_graph_SOR2_D1_seed42_tiny_r16_d1-1-2-1_w32-64-128-256_lossweighted_bce_lr0p001_seed42.pkl,/Users/cayofel/Documents/GitHub/isomera_v2/main/data/architectures/tpc_ds_genai_spec_v2/models/vmamba_mesh_t/VMambaMeshT_graph_SOR2_D1_seed42_tiny_r16_d1-1-2-1_w32-64-128-256_lossweighted_bce_lr0p001_seed42.json
