benchmark,scenario,algorithm,family,family_base,variant,experiment_tag,channel_contract,preset,resolution,patch_size,depths,dims,hidden_dim,embedding_dim,epochs,batch_size,inference_batch_size,encoder_batch_size,learning_rate,loss,negative_ratio,hard_negative_mining,hard_negative_agent,optimizer,dropout,drop_path_rate,weight_decay,requested_device,resolved_device,mps_available,mps_fallback_reason,threshold,candidate_pairs,N_pairs,elapsed_seconds,ET,sf_jaccard,tp_per_second,pickle_path,metadata_path,tp,fp,fn,tn,jaccard,accuracy,precision,recall,f1
tpc_ds_genai_spec_v2,graph_SOR2_D1_seed42,VMamba-T (hardneg-mps-spec),VMamba-T (hardneg-mps-spec),VMamba-T,vmamba_t,hardneg-mps-spec,"[{""channel"": ""C0"", ""name"": ""Forward adjacency"", ""role"": ""edges in canonical lineage direction""}, {""channel"": ""C1"", ""name"": ""Reverse adjacency"", ""role"": ""reverse edges for bidirectional scan context""}]",article_cpu,16,2,2-2-8-2,16-32-64-128,128,128,10,16,4096,64,0.001,weighted_bce,16,True,isomera_structural_hard_negative_miner,adamw,0.1,0.15,0.05,mps,mps,True,,0.1,1,1,0.1878621250000001,0.1878621250000001,5.323052744133494,5.323052744133494,/Users/cayofel/Documents/GitHub/isomera_v2/main/data/architectures/tpc_ds_genai_spec_v2/models/vmamba_t/VMambaT_graph_SOR2_D1_seed42_article_cpu_r16_d2-2-8-2_w16-32-64-128_lossweighted_bce_nr16_hardneg_hardneg_mps_spec_lr0p001_seed42.pkl,/Users/cayofel/Documents/GitHub/isomera_v2/main/data/architectures/tpc_ds_genai_spec_v2/models/vmamba_t/VMambaT_graph_SOR2_D1_seed42_article_cpu_r16_d2-2-8-2_w16-32-64-128_lossweighted_bce_nr16_hardneg_hardneg_mps_spec_lr0p001_seed42.json,1,0,0,0,1.0,1.0,1.0,1.0,1.0
tpc_ds_genai_spec_v2,graph_SOR2_D1_seed42,VMamba-Mesh-T (hardneg-mps-spec),VMamba-Mesh-T (hardneg-mps-spec),VMamba-Mesh-T,vmamba_mesh_t,hardneg-mps-spec,"[{""channel"": ""C0"", ""name"": ""Forward adjacency"", ""role"": ""edges in canonical lineage direction""}, {""channel"": ""C1"", ""name"": ""Reverse adjacency"", ""role"": ""reverse edges for bidirectional scan context""}, {""channel"": ""C2"", ""name"": ""Layer diagonal"", ""role"": ""SOR/SOT/SPEC layer identity on the diagonal""}, {""channel"": ""C3"", ""name"": ""Degree fingerprint"", ""role"": ""local structural degree signature on the diagonal""}, {""channel"": ""C4"", ""name"": ""Lineage route bias"", ""role"": ""route prior for SOR -> SOT -> SPEC traversal""}, {""channel"": ""C5"", ""name"": ""Sparse mask"", ""role"": ""occupied cells so sparse zeros are not treated as missing evidence""}]",article_cpu,16,2,2-2-8-2,16-32-64-128,128,128,10,16,4096,64,0.001,weighted_bce,16,True,isomera_structural_hard_negative_miner,adamw,0.1,0.15,0.05,mps,mps,True,,0.1,1,1,0.0865759999999999,0.0865759999999999,11.55054518573277,11.55054518573277,/Users/cayofel/Documents/GitHub/isomera_v2/main/data/architectures/tpc_ds_genai_spec_v2/models/vmamba_mesh_t/VMambaMeshT_graph_SOR2_D1_seed42_article_cpu_r16_d2-2-8-2_w16-32-64-128_lossweighted_bce_nr16_hardneg_hardneg_mps_spec_lr0p001_seed42.pkl,/Users/cayofel/Documents/GitHub/isomera_v2/main/data/architectures/tpc_ds_genai_spec_v2/models/vmamba_mesh_t/VMambaMeshT_graph_SOR2_D1_seed42_article_cpu_r16_d2-2-8-2_w16-32-64-128_lossweighted_bce_nr16_hardneg_hardneg_mps_spec_lr0p001_seed42.json,1,0,0,0,1.0,1.0,1.0,1.0,1.0
tpc_ds_genai_spec_v2,graph_SOR2_D2_seed42,VMamba-T (hardneg-mps-spec),VMamba-T (hardneg-mps-spec),VMamba-T,vmamba_t,hardneg-mps-spec,"[{""channel"": ""C0"", ""name"": ""Forward adjacency"", ""role"": ""edges in canonical lineage direction""}, {""channel"": ""C1"", ""name"": ""Reverse adjacency"", ""role"": ""reverse edges for bidirectional scan context""}]",article_cpu,16,2,2-2-8-2,16-32-64-128,128,128,10,16,4096,64,0.001,weighted_bce,16,True,isomera_structural_hard_negative_miner,adamw,0.1,0.15,0.05,mps,mps,True,,0.5,6,6,0.0797706659999999,0.0797706659999999,30.086247493533556,25.071872911277957,/Users/cayofel/Documents/GitHub/isomera_v2/main/data/architectures/tpc_ds_genai_spec_v2/models/vmamba_t/VMambaT_graph_SOR2_D2_seed42_article_cpu_r16_d2-2-8-2_w16-32-64-128_lossweighted_bce_nr16_hardneg_hardneg_mps_spec_lr0p001_seed42.pkl,/Users/cayofel/Documents/GitHub/isomera_v2/main/data/architectures/tpc_ds_genai_spec_v2/models/vmamba_t/VMambaT_graph_SOR2_D2_seed42_article_cpu_r16_d2-2-8-2_w16-32-64-128_lossweighted_bce_nr16_hardneg_hardneg_mps_spec_lr0p001_seed42.json,2,3,0,1,0.4,0.5,0.4,1.0,0.5714285714285715
tpc_ds_genai_spec_v2,graph_SOR2_D2_seed42,VMamba-Mesh-T (hardneg-mps-spec),VMamba-Mesh-T (hardneg-mps-spec),VMamba-Mesh-T,vmamba_mesh_t,hardneg-mps-spec,"[{""channel"": ""C0"", ""name"": ""Forward adjacency"", ""role"": ""edges in canonical lineage direction""}, {""channel"": ""C1"", ""name"": ""Reverse adjacency"", ""role"": ""reverse edges for bidirectional scan context""}, {""channel"": ""C2"", ""name"": ""Layer diagonal"", ""role"": ""SOR/SOT/SPEC layer identity on the diagonal""}, {""channel"": ""C3"", ""name"": ""Degree fingerprint"", ""role"": ""local structural degree signature on the diagonal""}, {""channel"": ""C4"", ""name"": ""Lineage route bias"", ""role"": ""route prior for SOR -> SOT -> SPEC traversal""}, {""channel"": ""C5"", ""name"": ""Sparse mask"", ""role"": ""occupied cells so sparse zeros are not treated as missing evidence""}]",article_cpu,16,2,2-2-8-2,16-32-64-128,128,128,10,16,4096,64,0.001,weighted_bce,16,True,isomera_structural_hard_negative_miner,adamw,0.1,0.15,0.05,mps,mps,True,,0.4,6,6,0.0705533330000003,0.0705533330000003,42.52102448512228,28.34734965674819,/Users/cayofel/Documents/GitHub/isomera_v2/main/data/architectures/tpc_ds_genai_spec_v2/models/vmamba_mesh_t/VMambaMeshT_graph_SOR2_D2_seed42_article_cpu_r16_d2-2-8-2_w16-32-64-128_lossweighted_bce_nr16_hardneg_hardneg_mps_spec_lr0p001_seed42.pkl,/Users/cayofel/Documents/GitHub/isomera_v2/main/data/architectures/tpc_ds_genai_spec_v2/models/vmamba_mesh_t/VMambaMeshT_graph_SOR2_D2_seed42_article_cpu_r16_d2-2-8-2_w16-32-64-128_lossweighted_bce_nr16_hardneg_hardneg_mps_spec_lr0p001_seed42.json,2,2,0,2,0.5,0.6666666666666666,0.5,1.0,0.6666666666666666
tpc_ds_genai_spec_v2,graph_SOR2_D3_seed42,VMamba-T (hardneg-mps-spec),VMamba-T (hardneg-mps-spec),VMamba-T,vmamba_t,hardneg-mps-spec,"[{""channel"": ""C0"", ""name"": ""Forward adjacency"", ""role"": ""edges in canonical lineage direction""}, {""channel"": ""C1"", ""name"": ""Reverse adjacency"", ""role"": ""reverse edges for bidirectional scan context""}]",article_cpu,16,2,2-2-8-2,16-32-64-128,128,128,10,16,4096,64,0.001,weighted_bce,16,True,isomera_structural_hard_negative_miner,adamw,0.1,0.15,0.05,mps,mps,True,,0.1,15,15,0.1719604579999991,0.1719604579999991,34.89174237951861,34.89174237951861,/Users/cayofel/Documents/GitHub/isomera_v2/main/data/architectures/tpc_ds_genai_spec_v2/models/vmamba_t/VMambaT_graph_SOR2_D3_seed42_article_cpu_r16_d2-2-8-2_w16-32-64-128_lossweighted_bce_nr16_hardneg_hardneg_mps_spec_lr0p001_seed42.pkl,/Users/cayofel/Documents/GitHub/isomera_v2/main/data/architectures/tpc_ds_genai_spec_v2/models/vmamba_t/VMambaT_graph_SOR2_D3_seed42_article_cpu_r16_d2-2-8-2_w16-32-64-128_lossweighted_bce_nr16_hardneg_hardneg_mps_spec_lr0p001_seed42.json,6,9,0,0,0.4,0.4,0.4,1.0,0.5714285714285715
tpc_ds_genai_spec_v2,graph_SOR2_D3_seed42,VMamba-Mesh-T (hardneg-mps-spec),VMamba-Mesh-T (hardneg-mps-spec),VMamba-Mesh-T,vmamba_mesh_t,hardneg-mps-spec,"[{""channel"": ""C0"", ""name"": ""Forward adjacency"", ""role"": ""edges in canonical lineage direction""}, {""channel"": ""C1"", ""name"": ""Reverse adjacency"", ""role"": ""reverse edges for bidirectional scan context""}, {""channel"": ""C2"", ""name"": ""Layer diagonal"", ""role"": ""SOR/SOT/SPEC layer identity on the diagonal""}, {""channel"": ""C3"", ""name"": ""Degree fingerprint"", ""role"": ""local structural degree signature on the diagonal""}, {""channel"": ""C4"", ""name"": ""Lineage route bias"", ""role"": ""route prior for SOR -> SOT -> SPEC traversal""}, {""channel"": ""C5"", ""name"": ""Sparse mask"", ""role"": ""occupied cells so sparse zeros are not treated as missing evidence""}]",article_cpu,16,2,2-2-8-2,16-32-64-128,128,128,10,16,4096,64,0.001,weighted_bce,16,True,isomera_structural_hard_negative_miner,adamw,0.1,0.15,0.05,mps,mps,True,,0.1,15,15,0.0744257920000013,0.0744257920000013,80.61721398947147,80.61721398947147,/Users/cayofel/Documents/GitHub/isomera_v2/main/data/architectures/tpc_ds_genai_spec_v2/models/vmamba_mesh_t/VMambaMeshT_graph_SOR2_D3_seed42_article_cpu_r16_d2-2-8-2_w16-32-64-128_lossweighted_bce_nr16_hardneg_hardneg_mps_spec_lr0p001_seed42.pkl,/Users/cayofel/Documents/GitHub/isomera_v2/main/data/architectures/tpc_ds_genai_spec_v2/models/vmamba_mesh_t/VMambaMeshT_graph_SOR2_D3_seed42_article_cpu_r16_d2-2-8-2_w16-32-64-128_lossweighted_bce_nr16_hardneg_hardneg_mps_spec_lr0p001_seed42.json,6,9,0,0,0.4,0.4,0.4,1.0,0.5714285714285715
tpc_ds_genai_spec_v2,graph_SOR2_D4_seed42,VMamba-T (hardneg-mps-spec),VMamba-T (hardneg-mps-spec),VMamba-T,vmamba_t,hardneg-mps-spec,"[{""channel"": ""C0"", ""name"": ""Forward adjacency"", ""role"": ""edges in canonical lineage direction""}, {""channel"": ""C1"", ""name"": ""Reverse adjacency"", ""role"": ""reverse edges for bidirectional scan context""}]",article_cpu,16,2,2-2-8-2,16-32-64-128,128,128,10,16,4096,64,0.001,weighted_bce,16,True,isomera_structural_hard_negative_miner,adamw,0.1,0.15,0.05,mps,mps,True,,0.5,28,28,0.2295974590000007,0.2295974590000007,76.22035573137569,21.77724449467877,/Users/cayofel/Documents/GitHub/isomera_v2/main/data/architectures/tpc_ds_genai_spec_v2/models/vmamba_t/VMambaT_graph_SOR2_D4_seed42_article_cpu_r16_d2-2-8-2_w16-32-64-128_lossweighted_bce_nr16_hardneg_hardneg_mps_spec_lr0p001_seed42.pkl,/Users/cayofel/Documents/GitHub/isomera_v2/main/data/architectures/tpc_ds_genai_spec_v2/models/vmamba_t/VMambaT_graph_SOR2_D4_seed42_article_cpu_r16_d2-2-8-2_w16-32-64-128_lossweighted_bce_nr16_hardneg_hardneg_mps_spec_lr0p001_seed42.json,5,0,3,20,0.625,0.8928571428571429,1.0,0.625,0.7692307692307693
tpc_ds_genai_spec_v2,graph_SOR2_D4_seed42,VMamba-Mesh-T (hardneg-mps-spec),VMamba-Mesh-T (hardneg-mps-spec),VMamba-Mesh-T,vmamba_mesh_t,hardneg-mps-spec,"[{""channel"": ""C0"", ""name"": ""Forward adjacency"", ""role"": ""edges in canonical lineage direction""}, {""channel"": ""C1"", ""name"": ""Reverse adjacency"", ""role"": ""reverse edges for bidirectional scan context""}, {""channel"": ""C2"", ""name"": ""Layer diagonal"", ""role"": ""SOR/SOT/SPEC layer identity on the diagonal""}, {""channel"": ""C3"", ""name"": ""Degree fingerprint"", ""role"": ""local structural degree signature on the diagonal""}, {""channel"": ""C4"", ""name"": ""Lineage route bias"", ""role"": ""route prior for SOR -> SOT -> SPEC traversal""}, {""channel"": ""C5"", ""name"": ""Sparse mask"", ""role"": ""occupied cells so sparse zeros are not treated as missing evidence""}]",article_cpu,16,2,2-2-8-2,16-32-64-128,128,128,10,16,4096,64,0.001,weighted_bce,16,True,isomera_structural_hard_negative_miner,adamw,0.1,0.15,0.05,mps,mps,True,,0.45,28,28,0.0759909590000003,0.0759909590000003,267.97446211510874,105.2756815452213,/Users/cayofel/Documents/GitHub/isomera_v2/main/data/architectures/tpc_ds_genai_spec_v2/models/vmamba_mesh_t/VMambaMeshT_graph_SOR2_D4_seed42_article_cpu_r16_d2-2-8-2_w16-32-64-128_lossweighted_bce_nr16_hardneg_hardneg_mps_spec_lr0p001_seed42.pkl,/Users/cayofel/Documents/GitHub/isomera_v2/main/data/architectures/tpc_ds_genai_spec_v2/models/vmamba_mesh_t/VMambaMeshT_graph_SOR2_D4_seed42_article_cpu_r16_d2-2-8-2_w16-32-64-128_lossweighted_bce_nr16_hardneg_hardneg_mps_spec_lr0p001_seed42.json,8,3,0,17,0.7272727272727273,0.8928571428571429,0.7272727272727273,1.0,0.8421052631578948
tpc_ds_genai_spec_v2,graph_SOR2_D5_seed42,VMamba-T (hardneg-mps-spec),VMamba-T (hardneg-mps-spec),VMamba-T,vmamba_t,hardneg-mps-spec,"[{""channel"": ""C0"", ""name"": ""Forward adjacency"", ""role"": ""edges in canonical lineage direction""}, {""channel"": ""C1"", ""name"": ""Reverse adjacency"", ""role"": ""reverse edges for bidirectional scan context""}]",article_cpu,16,2,2-2-8-2,16-32-64-128,128,128,10,16,4096,64,0.001,weighted_bce,16,True,isomera_structural_hard_negative_miner,adamw,0.1,0.15,0.05,mps,mps,True,,0.55,45,45,0.1328737919999998,0.1328737919999998,193.52413540125164,60.20750879150051,/Users/cayofel/Documents/GitHub/isomera_v2/main/data/architectures/tpc_ds_genai_spec_v2/models/vmamba_t/VMambaT_graph_SOR2_D5_seed42_article_cpu_r16_d2-2-8-2_w16-32-64-128_lossweighted_bce_nr16_hardneg_hardneg_mps_spec_lr0p001_seed42.pkl,/Users/cayofel/Documents/GitHub/isomera_v2/main/data/architectures/tpc_ds_genai_spec_v2/models/vmamba_t/VMambaT_graph_SOR2_D5_seed42_article_cpu_r16_d2-2-8-2_w16-32-64-128_lossweighted_bce_nr16_hardneg_hardneg_mps_spec_lr0p001_seed42.json,8,1,5,31,0.5714285714285714,0.8666666666666667,0.8888888888888888,0.6153846153846154,0.7272727272727274
tpc_ds_genai_spec_v2,graph_SOR2_D5_seed42,VMamba-Mesh-T (hardneg-mps-spec),VMamba-Mesh-T (hardneg-mps-spec),VMamba-Mesh-T,vmamba_mesh_t,hardneg-mps-spec,"[{""channel"": ""C0"", ""name"": ""Forward adjacency"", ""role"": ""edges in canonical lineage direction""}, {""channel"": ""C1"", ""name"": ""Reverse adjacency"", ""role"": ""reverse edges for bidirectional scan context""}, {""channel"": ""C2"", ""name"": ""Layer diagonal"", ""role"": ""SOR/SOT/SPEC layer identity on the diagonal""}, {""channel"": ""C3"", ""name"": ""Degree fingerprint"", ""role"": ""local structural degree signature on the diagonal""}, {""channel"": ""C4"", ""name"": ""Lineage route bias"", ""role"": ""route prior for SOR -> SOT -> SPEC traversal""}, {""channel"": ""C5"", ""name"": ""Sparse mask"", ""role"": ""occupied cells so sparse zeros are not treated as missing evidence""}]",article_cpu,16,2,2-2-8-2,16-32-64-128,128,128,10,16,4096,64,0.001,weighted_bce,16,True,isomera_structural_hard_negative_miner,adamw,0.1,0.15,0.05,mps,mps,True,,0.575,45,45,0.072319083,0.072319083,355.5670875180443,110.62087167228046,/Users/cayofel/Documents/GitHub/isomera_v2/main/data/architectures/tpc_ds_genai_spec_v2/models/vmamba_mesh_t/VMambaMeshT_graph_SOR2_D5_seed42_article_cpu_r16_d2-2-8-2_w16-32-64-128_lossweighted_bce_nr16_hardneg_hardneg_mps_spec_lr0p001_seed42.pkl,/Users/cayofel/Documents/GitHub/isomera_v2/main/data/architectures/tpc_ds_genai_spec_v2/models/vmamba_mesh_t/VMambaMeshT_graph_SOR2_D5_seed42_article_cpu_r16_d2-2-8-2_w16-32-64-128_lossweighted_bce_nr16_hardneg_hardneg_mps_spec_lr0p001_seed42.json,8,1,5,31,0.5714285714285714,0.8666666666666667,0.8888888888888888,0.6153846153846154,0.7272727272727274
tpc_ds_genai_spec_v2,graph_SOR4_D1_seed42,VMamba-T (hardneg-mps-spec),VMamba-T (hardneg-mps-spec),VMamba-T,vmamba_t,hardneg-mps-spec,"[{""channel"": ""C0"", ""name"": ""Forward adjacency"", ""role"": ""edges in canonical lineage direction""}, {""channel"": ""C1"", ""name"": ""Reverse adjacency"", ""role"": ""reverse edges for bidirectional scan context""}]",article_cpu,16,2,2-2-8-2,16-32-64-128,128,128,10,16,4096,64,0.001,weighted_bce,16,True,isomera_structural_hard_negative_miner,adamw,0.1,0.15,0.05,mps,mps,True,,0.1,6,6,0.083369832999999,0.083369832999999,35.984239047234695,35.984239047234695,/Users/cayofel/Documents/GitHub/isomera_v2/main/data/architectures/tpc_ds_genai_spec_v2/models/vmamba_t/VMambaT_graph_SOR4_D1_seed42_article_cpu_r16_d2-2-8-2_w16-32-64-128_lossweighted_bce_nr16_hardneg_hardneg_mps_spec_lr0p001_seed42.pkl,/Users/cayofel/Documents/GitHub/isomera_v2/main/data/architectures/tpc_ds_genai_spec_v2/models/vmamba_t/VMambaT_graph_SOR4_D1_seed42_article_cpu_r16_d2-2-8-2_w16-32-64-128_lossweighted_bce_nr16_hardneg_hardneg_mps_spec_lr0p001_seed42.json,3,3,0,0,0.5,0.5,0.5,1.0,0.6666666666666666
tpc_ds_genai_spec_v2,graph_SOR4_D1_seed42,VMamba-Mesh-T (hardneg-mps-spec),VMamba-Mesh-T (hardneg-mps-spec),VMamba-Mesh-T,vmamba_mesh_t,hardneg-mps-spec,"[{""channel"": ""C0"", ""name"": ""Forward adjacency"", ""role"": ""edges in canonical lineage direction""}, {""channel"": ""C1"", ""name"": ""Reverse adjacency"", ""role"": ""reverse edges for bidirectional scan context""}, {""channel"": ""C2"", ""name"": ""Layer diagonal"", ""role"": ""SOR/SOT/SPEC layer identity on the diagonal""}, {""channel"": ""C3"", ""name"": ""Degree fingerprint"", ""role"": ""local structural degree signature on the diagonal""}, {""channel"": ""C4"", ""name"": ""Lineage route bias"", ""role"": ""route prior for SOR -> SOT -> SPEC traversal""}, {""channel"": ""C5"", ""name"": ""Sparse mask"", ""role"": ""occupied cells so sparse zeros are not treated as missing evidence""}]",article_cpu,16,2,2-2-8-2,16-32-64-128,128,128,10,16,4096,64,0.001,weighted_bce,16,True,isomera_structural_hard_negative_miner,adamw,0.1,0.15,0.05,mps,mps,True,,0.1,6,6,0.0734153749999997,0.0734153749999997,61.295062512450784,40.86337500830052,/Users/cayofel/Documents/GitHub/isomera_v2/main/data/architectures/tpc_ds_genai_spec_v2/models/vmamba_mesh_t/VMambaMeshT_graph_SOR4_D1_seed42_article_cpu_r16_d2-2-8-2_w16-32-64-128_lossweighted_bce_nr16_hardneg_hardneg_mps_spec_lr0p001_seed42.pkl,/Users/cayofel/Documents/GitHub/isomera_v2/main/data/architectures/tpc_ds_genai_spec_v2/models/vmamba_mesh_t/VMambaMeshT_graph_SOR4_D1_seed42_article_cpu_r16_d2-2-8-2_w16-32-64-128_lossweighted_bce_nr16_hardneg_hardneg_mps_spec_lr0p001_seed42.json,3,1,0,2,0.75,0.8333333333333334,0.75,1.0,0.8571428571428571
tpc_ds_genai_spec_v2,graph_SOR4_D2_seed42,VMamba-T (hardneg-mps-spec),VMamba-T (hardneg-mps-spec),VMamba-T,vmamba_t,hardneg-mps-spec,"[{""channel"": ""C0"", ""name"": ""Forward adjacency"", ""role"": ""edges in canonical lineage direction""}, {""channel"": ""C1"", ""name"": ""Reverse adjacency"", ""role"": ""reverse edges for bidirectional scan context""}]",article_cpu,16,2,2-2-8-2,16-32-64-128,128,128,10,16,4096,64,0.001,weighted_bce,16,True,isomera_structural_hard_negative_miner,adamw,0.1,0.15,0.05,mps,mps,True,,0.225,28,28,0.0988160419999992,0.0988160419999992,173.16126779406162,111.31795786761104,/Users/cayofel/Documents/GitHub/isomera_v2/main/data/architectures/tpc_ds_genai_spec_v2/models/vmamba_t/VMambaT_graph_SOR4_D2_seed42_article_cpu_r16_d2-2-8-2_w16-32-64-128_lossweighted_bce_nr16_hardneg_hardneg_mps_spec_lr0p001_seed42.pkl,/Users/cayofel/Documents/GitHub/isomera_v2/main/data/architectures/tpc_ds_genai_spec_v2/models/vmamba_t/VMambaT_graph_SOR4_D2_seed42_article_cpu_r16_d2-2-8-2_w16-32-64-128_lossweighted_bce_nr16_hardneg_hardneg_mps_spec_lr0p001_seed42.json,11,6,1,10,0.6111111111111112,0.75,0.6470588235294118,0.9166666666666666,0.7586206896551724
tpc_ds_genai_spec_v2,graph_SOR4_D2_seed42,VMamba-Mesh-T (hardneg-mps-spec),VMamba-Mesh-T (hardneg-mps-spec),VMamba-Mesh-T,vmamba_mesh_t,hardneg-mps-spec,"[{""channel"": ""C0"", ""name"": ""Forward adjacency"", ""role"": ""edges in canonical lineage direction""}, {""channel"": ""C1"", ""name"": ""Reverse adjacency"", ""role"": ""reverse edges for bidirectional scan context""}, {""channel"": ""C2"", ""name"": ""Layer diagonal"", ""role"": ""SOR/SOT/SPEC layer identity on the diagonal""}, {""channel"": ""C3"", ""name"": ""Degree fingerprint"", ""role"": ""local structural degree signature on the diagonal""}, {""channel"": ""C4"", ""name"": ""Lineage route bias"", ""role"": ""route prior for SOR -> SOT -> SPEC traversal""}, {""channel"": ""C5"", ""name"": ""Sparse mask"", ""role"": ""occupied cells so sparse zeros are not treated as missing evidence""}]",article_cpu,16,2,2-2-8-2,16-32-64-128,128,128,10,16,4096,64,0.001,weighted_bce,16,True,isomera_structural_hard_negative_miner,adamw,0.1,0.15,0.05,mps,mps,True,,0.275,28,28,0.0843246660000005,0.0843246660000005,202.9194057064039,130.4481893826882,/Users/cayofel/Documents/GitHub/isomera_v2/main/data/architectures/tpc_ds_genai_spec_v2/models/vmamba_mesh_t/VMambaMeshT_graph_SOR4_D2_seed42_article_cpu_r16_d2-2-8-2_w16-32-64-128_lossweighted_bce_nr16_hardneg_hardneg_mps_spec_lr0p001_seed42.pkl,/Users/cayofel/Documents/GitHub/isomera_v2/main/data/architectures/tpc_ds_genai_spec_v2/models/vmamba_mesh_t/VMambaMeshT_graph_SOR4_D2_seed42_article_cpu_r16_d2-2-8-2_w16-32-64-128_lossweighted_bce_nr16_hardneg_hardneg_mps_spec_lr0p001_seed42.json,11,6,1,10,0.6111111111111112,0.75,0.6470588235294118,0.9166666666666666,0.7586206896551724
tpc_ds_genai_spec_v2,graph_SOR4_D3_seed42,VMamba-T (hardneg-mps-spec),VMamba-T (hardneg-mps-spec),VMamba-T,vmamba_t,hardneg-mps-spec,"[{""channel"": ""C0"", ""name"": ""Forward adjacency"", ""role"": ""edges in canonical lineage direction""}, {""channel"": ""C1"", ""name"": ""Reverse adjacency"", ""role"": ""reverse edges for bidirectional scan context""}]",article_cpu,16,2,2-2-8-2,16-32-64-128,128,128,10,16,4096,64,0.001,weighted_bce,16,True,isomera_structural_hard_negative_miner,adamw,0.1,0.15,0.05,mps,mps,True,,0.475,66,66,0.1887583329999991,0.1887583329999991,139.86137502072626,42.38223485476553,/Users/cayofel/Documents/GitHub/isomera_v2/main/data/architectures/tpc_ds_genai_spec_v2/models/vmamba_t/VMambaT_graph_SOR4_D3_seed42_article_cpu_r16_d2-2-8-2_w16-32-64-128_lossweighted_bce_nr16_hardneg_hardneg_mps_spec_lr0p001_seed42.pkl,/Users/cayofel/Documents/GitHub/isomera_v2/main/data/architectures/tpc_ds_genai_spec_v2/models/vmamba_t/VMambaT_graph_SOR4_D3_seed42_article_cpu_r16_d2-2-8-2_w16-32-64-128_lossweighted_bce_nr16_hardneg_hardneg_mps_spec_lr0p001_seed42.json,8,6,6,46,0.4,0.8181818181818182,0.5714285714285714,0.5714285714285714,0.5714285714285714
tpc_ds_genai_spec_v2,graph_SOR4_D3_seed42,VMamba-Mesh-T (hardneg-mps-spec),VMamba-Mesh-T (hardneg-mps-spec),VMamba-Mesh-T,vmamba_mesh_t,hardneg-mps-spec,"[{""channel"": ""C0"", ""name"": ""Forward adjacency"", ""role"": ""edges in canonical lineage direction""}, {""channel"": ""C1"", ""name"": ""Reverse adjacency"", ""role"": ""reverse edges for bidirectional scan context""}, {""channel"": ""C2"", ""name"": ""Layer diagonal"", ""role"": ""SOR/SOT/SPEC layer identity on the diagonal""}, {""channel"": ""C3"", ""name"": ""Degree fingerprint"", ""role"": ""local structural degree signature on the diagonal""}, {""channel"": ""C4"", ""name"": ""Lineage route bias"", ""role"": ""route prior for SOR -> SOT -> SPEC traversal""}, {""channel"": ""C5"", ""name"": ""Sparse mask"", ""role"": ""occupied cells so sparse zeros are not treated as missing evidence""}]",article_cpu,16,2,2-2-8-2,16-32-64-128,128,128,10,16,4096,64,0.001,weighted_bce,16,True,isomera_structural_hard_negative_miner,adamw,0.1,0.15,0.05,mps,mps,True,,0.45,66,66,0.0991790829999992,0.0991790829999992,253.50967545099545,80.66216946168036,/Users/cayofel/Documents/GitHub/isomera_v2/main/data/architectures/tpc_ds_genai_spec_v2/models/vmamba_mesh_t/VMambaMeshT_graph_SOR4_D3_seed42_article_cpu_r16_d2-2-8-2_w16-32-64-128_lossweighted_bce_nr16_hardneg_hardneg_mps_spec_lr0p001_seed42.pkl,/Users/cayofel/Documents/GitHub/isomera_v2/main/data/architectures/tpc_ds_genai_spec_v2/models/vmamba_mesh_t/VMambaMeshT_graph_SOR4_D3_seed42_article_cpu_r16_d2-2-8-2_w16-32-64-128_lossweighted_bce_nr16_hardneg_hardneg_mps_spec_lr0p001_seed42.json,8,7,6,45,0.3809523809523809,0.803030303030303,0.5333333333333333,0.5714285714285714,0.5517241379310344
tpc_ds_genai_spec_v2,graph_SOR4_D4_seed42,VMamba-T (hardneg-mps-spec),VMamba-T (hardneg-mps-spec),VMamba-T,vmamba_t,hardneg-mps-spec,"[{""channel"": ""C0"", ""name"": ""Forward adjacency"", ""role"": ""edges in canonical lineage direction""}, {""channel"": ""C1"", ""name"": ""Reverse adjacency"", ""role"": ""reverse edges for bidirectional scan context""}]",article_cpu,16,2,2-2-8-2,16-32-64-128,128,128,10,16,4096,64,0.001,weighted_bce,16,True,isomera_structural_hard_negative_miner,adamw,0.1,0.15,0.05,mps,mps,True,,0.525,120,120,0.0877111250000055,0.0877111250000055,604.5214425644425,216.6201835855919,/Users/cayofel/Documents/GitHub/isomera_v2/main/data/architectures/tpc_ds_genai_spec_v2/models/vmamba_t/VMambaT_graph_SOR4_D4_seed42_article_cpu_r16_d2-2-8-2_w16-32-64-128_lossweighted_bce_nr16_hardneg_hardneg_mps_spec_lr0p001_seed42.pkl,/Users/cayofel/Documents/GitHub/isomera_v2/main/data/architectures/tpc_ds_genai_spec_v2/models/vmamba_t/VMambaT_graph_SOR4_D4_seed42_article_cpu_r16_d2-2-8-2_w16-32-64-128_lossweighted_bce_nr16_hardneg_hardneg_mps_spec_lr0p001_seed42.json,19,13,11,77,0.4418604651162791,0.8,0.59375,0.6333333333333333,0.6129032258064516
tpc_ds_genai_spec_v2,graph_SOR4_D4_seed42,VMamba-Mesh-T (hardneg-mps-spec),VMamba-Mesh-T (hardneg-mps-spec),VMamba-Mesh-T,vmamba_mesh_t,hardneg-mps-spec,"[{""channel"": ""C0"", ""name"": ""Forward adjacency"", ""role"": ""edges in canonical lineage direction""}, {""channel"": ""C1"", ""name"": ""Reverse adjacency"", ""role"": ""reverse edges for bidirectional scan context""}, {""channel"": ""C2"", ""name"": ""Layer diagonal"", ""role"": ""SOR/SOT/SPEC layer identity on the diagonal""}, {""channel"": ""C3"", ""name"": ""Degree fingerprint"", ""role"": ""local structural degree signature on the diagonal""}, {""channel"": ""C4"", ""name"": ""Lineage route bias"", ""role"": ""route prior for SOR -> SOT -> SPEC traversal""}, {""channel"": ""C5"", ""name"": ""Sparse mask"", ""role"": ""occupied cells so sparse zeros are not treated as missing evidence""}]",article_cpu,16,2,2-2-8-2,16-32-64-128,128,128,10,16,4096,64,0.001,weighted_bce,16,True,isomera_structural_hard_negative_miner,adamw,0.1,0.15,0.05,mps,mps,True,,0.5,120,120,0.0916752500000015,0.0916752500000015,618.1239393038547,185.43718179115643,/Users/cayofel/Documents/GitHub/isomera_v2/main/data/architectures/tpc_ds_genai_spec_v2/models/vmamba_mesh_t/VMambaMeshT_graph_SOR4_D4_seed42_article_cpu_r16_d2-2-8-2_w16-32-64-128_lossweighted_bce_nr16_hardneg_hardneg_mps_spec_lr0p001_seed42.pkl,/Users/cayofel/Documents/GitHub/isomera_v2/main/data/architectures/tpc_ds_genai_spec_v2/models/vmamba_mesh_t/VMambaMeshT_graph_SOR4_D4_seed42_article_cpu_r16_d2-2-8-2_w16-32-64-128_lossweighted_bce_nr16_hardneg_hardneg_mps_spec_lr0p001_seed42.json,17,6,13,84,0.4722222222222222,0.8416666666666667,0.7391304347826086,0.5666666666666667,0.6415094339622641
tpc_ds_genai_spec_v2,graph_SOR4_D5_seed42,VMamba-T (hardneg-mps-spec),VMamba-T (hardneg-mps-spec),VMamba-T,vmamba_t,hardneg-mps-spec,"[{""channel"": ""C0"", ""name"": ""Forward adjacency"", ""role"": ""edges in canonical lineage direction""}, {""channel"": ""C1"", ""name"": ""Reverse adjacency"", ""role"": ""reverse edges for bidirectional scan context""}]",article_cpu,16,2,2-2-8-2,16-32-64-128,128,128,10,16,4096,64,0.001,weighted_bce,16,True,isomera_structural_hard_negative_miner,adamw,0.1,0.15,0.05,mps,mps,True,,0.55,190,190,0.2456044999999989,0.2456044999999989,277.7030885229241,114.00442581467412,/Users/cayofel/Documents/GitHub/isomera_v2/main/data/architectures/tpc_ds_genai_spec_v2/models/vmamba_t/VMambaT_graph_SOR4_D5_seed42_article_cpu_r16_d2-2-8-2_w16-32-64-128_lossweighted_bce_nr16_hardneg_hardneg_mps_spec_lr0p001_seed42.pkl,/Users/cayofel/Documents/GitHub/isomera_v2/main/data/architectures/tpc_ds_genai_spec_v2/models/vmamba_t/VMambaT_graph_SOR4_D5_seed42_article_cpu_r16_d2-2-8-2_w16-32-64-128_lossweighted_bce_nr16_hardneg_hardneg_mps_spec_lr0p001_seed42.json,28,40,10,112,0.358974358974359,0.7368421052631579,0.4117647058823529,0.7368421052631579,0.5283018867924528
tpc_ds_genai_spec_v2,graph_SOR4_D5_seed42,VMamba-Mesh-T (hardneg-mps-spec),VMamba-Mesh-T (hardneg-mps-spec),VMamba-Mesh-T,vmamba_mesh_t,hardneg-mps-spec,"[{""channel"": ""C0"", ""name"": ""Forward adjacency"", ""role"": ""edges in canonical lineage direction""}, {""channel"": ""C1"", ""name"": ""Reverse adjacency"", ""role"": ""reverse edges for bidirectional scan context""}, {""channel"": ""C2"", ""name"": ""Layer diagonal"", ""role"": ""SOR/SOT/SPEC layer identity on the diagonal""}, {""channel"": ""C3"", ""name"": ""Degree fingerprint"", ""role"": ""local structural degree signature on the diagonal""}, {""channel"": ""C4"", ""name"": ""Lineage route bias"", ""role"": ""route prior for SOR -> SOT -> SPEC traversal""}, {""channel"": ""C5"", ""name"": ""Sparse mask"", ""role"": ""occupied cells so sparse zeros are not treated as missing evidence""}]",article_cpu,16,2,2-2-8-2,16-32-64-128,128,128,10,16,4096,64,0.001,weighted_bce,16,True,isomera_structural_hard_negative_miner,adamw,0.1,0.15,0.05,mps,mps,True,,0.5,190,190,0.1048190419999954,0.1048190419999954,747.7171943624841,314.8282923631512,/Users/cayofel/Documents/GitHub/isomera_v2/main/data/architectures/tpc_ds_genai_spec_v2/models/vmamba_mesh_t/VMambaMeshT_graph_SOR4_D5_seed42_article_cpu_r16_d2-2-8-2_w16-32-64-128_lossweighted_bce_nr16_hardneg_hardneg_mps_spec_lr0p001_seed42.pkl,/Users/cayofel/Documents/GitHub/isomera_v2/main/data/architectures/tpc_ds_genai_spec_v2/models/vmamba_mesh_t/VMambaMeshT_graph_SOR4_D5_seed42_article_cpu_r16_d2-2-8-2_w16-32-64-128_lossweighted_bce_nr16_hardneg_hardneg_mps_spec_lr0p001_seed42.json,33,42,5,110,0.4125,0.7526315789473684,0.44,0.868421052631579,0.5840707964601771
tpc_ds_genai_spec_v2,graph_SOR8_D1_seed42,VMamba-T (hardneg-mps-spec),VMamba-T (hardneg-mps-spec),VMamba-T,vmamba_t,hardneg-mps-spec,"[{""channel"": ""C0"", ""name"": ""Forward adjacency"", ""role"": ""edges in canonical lineage direction""}, {""channel"": ""C1"", ""name"": ""Reverse adjacency"", ""role"": ""reverse edges for bidirectional scan context""}]",article_cpu,16,2,2-2-8-2,16-32-64-128,128,128,10,16,4096,64,0.001,weighted_bce,16,True,isomera_structural_hard_negative_miner,adamw,0.1,0.15,0.05,mps,mps,True,,0.475,15,15,0.0806170829999999,0.0806170829999999,62.02159410803793,37.21295646482276,/Users/cayofel/Documents/GitHub/isomera_v2/main/data/architectures/tpc_ds_genai_spec_v2/models/vmamba_t/VMambaT_graph_SOR8_D1_seed42_article_cpu_r16_d2-2-8-2_w16-32-64-128_lossweighted_bce_nr16_hardneg_hardneg_mps_spec_lr0p001_seed42.pkl,/Users/cayofel/Documents/GitHub/isomera_v2/main/data/architectures/tpc_ds_genai_spec_v2/models/vmamba_t/VMambaT_graph_SOR8_D1_seed42_article_cpu_r16_d2-2-8-2_w16-32-64-128_lossweighted_bce_nr16_hardneg_hardneg_mps_spec_lr0p001_seed42.json,3,5,1,6,0.3333333333333333,0.6,0.375,0.75,0.5
tpc_ds_genai_spec_v2,graph_SOR8_D1_seed42,VMamba-Mesh-T (hardneg-mps-spec),VMamba-Mesh-T (hardneg-mps-spec),VMamba-Mesh-T,vmamba_mesh_t,hardneg-mps-spec,"[{""channel"": ""C0"", ""name"": ""Forward adjacency"", ""role"": ""edges in canonical lineage direction""}, {""channel"": ""C1"", ""name"": ""Reverse adjacency"", ""role"": ""reverse edges for bidirectional scan context""}, {""channel"": ""C2"", ""name"": ""Layer diagonal"", ""role"": ""SOR/SOT/SPEC layer identity on the diagonal""}, {""channel"": ""C3"", ""name"": ""Degree fingerprint"", ""role"": ""local structural degree signature on the diagonal""}, {""channel"": ""C4"", ""name"": ""Lineage route bias"", ""role"": ""route prior for SOR -> SOT -> SPEC traversal""}, {""channel"": ""C5"", ""name"": ""Sparse mask"", ""role"": ""occupied cells so sparse zeros are not treated as missing evidence""}]",article_cpu,16,2,2-2-8-2,16-32-64-128,128,128,10,16,4096,64,0.001,weighted_bce,16,True,isomera_structural_hard_negative_miner,adamw,0.1,0.15,0.05,mps,mps,True,,0.55,15,15,0.0721561249999993,0.0721561249999993,138.58837347487952,55.4353493899518,/Users/cayofel/Documents/GitHub/isomera_v2/main/data/architectures/tpc_ds_genai_spec_v2/models/vmamba_mesh_t/VMambaMeshT_graph_SOR8_D1_seed42_article_cpu_r16_d2-2-8-2_w16-32-64-128_lossweighted_bce_nr16_hardneg_hardneg_mps_spec_lr0p001_seed42.pkl,/Users/cayofel/Documents/GitHub/isomera_v2/main/data/architectures/tpc_ds_genai_spec_v2/models/vmamba_mesh_t/VMambaMeshT_graph_SOR8_D1_seed42_article_cpu_r16_d2-2-8-2_w16-32-64-128_lossweighted_bce_nr16_hardneg_hardneg_mps_spec_lr0p001_seed42.json,4,2,0,9,0.6666666666666666,0.8666666666666667,0.6666666666666666,1.0,0.8
tpc_ds_genai_spec_v2,graph_SOR8_D2_seed42,VMamba-T (hardneg-mps-spec),VMamba-T (hardneg-mps-spec),VMamba-T,vmamba_t,hardneg-mps-spec,"[{""channel"": ""C0"", ""name"": ""Forward adjacency"", ""role"": ""edges in canonical lineage direction""}, {""channel"": ""C1"", ""name"": ""Reverse adjacency"", ""role"": ""reverse edges for bidirectional scan context""}]",article_cpu,16,2,2-2-8-2,16-32-64-128,128,128,10,16,4096,64,0.001,weighted_bce,16,True,isomera_structural_hard_negative_miner,adamw,0.1,0.15,0.05,mps,mps,True,,0.45,66,66,0.1080022909999982,0.1080022909999982,194.4403197891454,129.62687985943026,/Users/cayofel/Documents/GitHub/isomera_v2/main/data/architectures/tpc_ds_genai_spec_v2/models/vmamba_t/VMambaT_graph_SOR8_D2_seed42_article_cpu_r16_d2-2-8-2_w16-32-64-128_lossweighted_bce_nr16_hardneg_hardneg_mps_spec_lr0p001_seed42.pkl,/Users/cayofel/Documents/GitHub/isomera_v2/main/data/architectures/tpc_ds_genai_spec_v2/models/vmamba_t/VMambaT_graph_SOR8_D2_seed42_article_cpu_r16_d2-2-8-2_w16-32-64-128_lossweighted_bce_nr16_hardneg_hardneg_mps_spec_lr0p001_seed42.json,14,27,3,22,0.3181818181818182,0.5454545454545454,0.3414634146341463,0.8235294117647058,0.4827586206896551
tpc_ds_genai_spec_v2,graph_SOR8_D2_seed42,VMamba-Mesh-T (hardneg-mps-spec),VMamba-Mesh-T (hardneg-mps-spec),VMamba-Mesh-T,vmamba_mesh_t,hardneg-mps-spec,"[{""channel"": ""C0"", ""name"": ""Forward adjacency"", ""role"": ""edges in canonical lineage direction""}, {""channel"": ""C1"", ""name"": ""Reverse adjacency"", ""role"": ""reverse edges for bidirectional scan context""}, {""channel"": ""C2"", ""name"": ""Layer diagonal"", ""role"": ""SOR/SOT/SPEC layer identity on the diagonal""}, {""channel"": ""C3"", ""name"": ""Degree fingerprint"", ""role"": ""local structural degree signature on the diagonal""}, {""channel"": ""C4"", ""name"": ""Lineage route bias"", ""role"": ""route prior for SOR -> SOT -> SPEC traversal""}, {""channel"": ""C5"", ""name"": ""Sparse mask"", ""role"": ""occupied cells so sparse zeros are not treated as missing evidence""}]",article_cpu,16,2,2-2-8-2,16-32-64-128,128,128,10,16,4096,64,0.001,weighted_bce,16,True,isomera_structural_hard_negative_miner,adamw,0.1,0.15,0.05,mps,mps,True,,0.475,66,66,0.1011877909999938,0.1011877909999938,285.36051350307423,138.35661260755114,/Users/cayofel/Documents/GitHub/isomera_v2/main/data/architectures/tpc_ds_genai_spec_v2/models/vmamba_mesh_t/VMambaMeshT_graph_SOR8_D2_seed42_article_cpu_r16_d2-2-8-2_w16-32-64-128_lossweighted_bce_nr16_hardneg_hardneg_mps_spec_lr0p001_seed42.pkl,/Users/cayofel/Documents/GitHub/isomera_v2/main/data/architectures/tpc_ds_genai_spec_v2/models/vmamba_mesh_t/VMambaMeshT_graph_SOR8_D2_seed42_article_cpu_r16_d2-2-8-2_w16-32-64-128_lossweighted_bce_nr16_hardneg_hardneg_mps_spec_lr0p001_seed42.json,14,15,3,34,0.4375,0.7272727272727273,0.4827586206896552,0.8235294117647058,0.608695652173913
tpc_ds_genai_spec_v2,graph_SOR8_D3_seed42,VMamba-T (hardneg-mps-spec),VMamba-T (hardneg-mps-spec),VMamba-T,vmamba_t,hardneg-mps-spec,"[{""channel"": ""C0"", ""name"": ""Forward adjacency"", ""role"": ""edges in canonical lineage direction""}, {""channel"": ""C1"", ""name"": ""Reverse adjacency"", ""role"": ""reverse edges for bidirectional scan context""}]",article_cpu,16,2,2-2-8-2,16-32-64-128,128,128,10,16,4096,64,0.001,weighted_bce,16,True,isomera_structural_hard_negative_miner,adamw,0.1,0.15,0.05,mps,mps,True,,0.575,153,153,0.2388242910000002,0.2388242910000002,285.99926390473973,104.67946914160407,/Users/cayofel/Documents/GitHub/isomera_v2/main/data/architectures/tpc_ds_genai_spec_v2/models/vmamba_t/VMambaT_graph_SOR8_D3_seed42_article_cpu_r16_d2-2-8-2_w16-32-64-128_lossweighted_bce_nr16_hardneg_hardneg_mps_spec_lr0p001_seed42.pkl,/Users/cayofel/Documents/GitHub/isomera_v2/main/data/architectures/tpc_ds_genai_spec_v2/models/vmamba_t/VMambaT_graph_SOR8_D3_seed42_article_cpu_r16_d2-2-8-2_w16-32-64-128_lossweighted_bce_nr16_hardneg_hardneg_mps_spec_lr0p001_seed42.json,25,22,9,97,0.4464285714285714,0.7973856209150327,0.5319148936170213,0.7352941176470589,0.617283950617284
tpc_ds_genai_spec_v2,graph_SOR8_D3_seed42,VMamba-Mesh-T (hardneg-mps-spec),VMamba-Mesh-T (hardneg-mps-spec),VMamba-Mesh-T,vmamba_mesh_t,hardneg-mps-spec,"[{""channel"": ""C0"", ""name"": ""Forward adjacency"", ""role"": ""edges in canonical lineage direction""}, {""channel"": ""C1"", ""name"": ""Reverse adjacency"", ""role"": ""reverse edges for bidirectional scan context""}, {""channel"": ""C2"", ""name"": ""Layer diagonal"", ""role"": ""SOR/SOT/SPEC layer identity on the diagonal""}, {""channel"": ""C3"", ""name"": ""Degree fingerprint"", ""role"": ""local structural degree signature on the diagonal""}, {""channel"": ""C4"", ""name"": ""Lineage route bias"", ""role"": ""route prior for SOR -> SOT -> SPEC traversal""}, {""channel"": ""C5"", ""name"": ""Sparse mask"", ""role"": ""occupied cells so sparse zeros are not treated as missing evidence""}]",article_cpu,16,2,2-2-8-2,16-32-64-128,128,128,10,16,4096,64,0.001,weighted_bce,16,True,isomera_structural_hard_negative_miner,adamw,0.1,0.15,0.05,mps,mps,True,,0.55,153,153,0.1275443749999993,0.1275443749999993,577.5767584157828,203.85062061733515,/Users/cayofel/Documents/GitHub/isomera_v2/main/data/architectures/tpc_ds_genai_spec_v2/models/vmamba_mesh_t/VMambaMeshT_graph_SOR8_D3_seed42_article_cpu_r16_d2-2-8-2_w16-32-64-128_lossweighted_bce_nr16_hardneg_hardneg_mps_spec_lr0p001_seed42.pkl,/Users/cayofel/Documents/GitHub/isomera_v2/main/data/architectures/tpc_ds_genai_spec_v2/models/vmamba_mesh_t/VMambaMeshT_graph_SOR8_D3_seed42_article_cpu_r16_d2-2-8-2_w16-32-64-128_lossweighted_bce_nr16_hardneg_hardneg_mps_spec_lr0p001_seed42.json,26,20,8,99,0.4814814814814814,0.8169934640522876,0.5652173913043478,0.7647058823529411,0.65
tpc_ds_genai_spec_v2,graph_SOR8_D4_seed42,VMamba-T (hardneg-mps-spec),VMamba-T (hardneg-mps-spec),VMamba-T,vmamba_t,hardneg-mps-spec,"[{""channel"": ""C0"", ""name"": ""Forward adjacency"", ""role"": ""edges in canonical lineage direction""}, {""channel"": ""C1"", ""name"": ""Reverse adjacency"", ""role"": ""reverse edges for bidirectional scan context""}]",article_cpu,16,2,2-2-8-2,16-32-64-128,128,128,10,16,4096,64,0.001,weighted_bce,16,True,isomera_structural_hard_negative_miner,adamw,0.1,0.15,0.05,mps,mps,True,,0.475,276,276,0.2853223749999927,0.2853223749999927,336.93407837600057,217.29806503959455,/Users/cayofel/Documents/GitHub/isomera_v2/main/data/architectures/tpc_ds_genai_spec_v2/models/vmamba_t/VMambaT_graph_SOR8_D4_seed42_article_cpu_r16_d2-2-8-2_w16-32-64-128_lossweighted_bce_nr16_hardneg_hardneg_mps_spec_lr0p001_seed42.pkl,/Users/cayofel/Documents/GitHub/isomera_v2/main/data/architectures/tpc_ds_genai_spec_v2/models/vmamba_t/VMambaT_graph_SOR8_D4_seed42_article_cpu_r16_d2-2-8-2_w16-32-64-128_lossweighted_bce_nr16_hardneg_hardneg_mps_spec_lr0p001_seed42.json,62,116,0,98,0.348314606741573,0.5797101449275363,0.348314606741573,1.0,0.5166666666666667
tpc_ds_genai_spec_v2,graph_SOR8_D4_seed42,VMamba-Mesh-T (hardneg-mps-spec),VMamba-Mesh-T (hardneg-mps-spec),VMamba-Mesh-T,vmamba_mesh_t,hardneg-mps-spec,"[{""channel"": ""C0"", ""name"": ""Forward adjacency"", ""role"": ""edges in canonical lineage direction""}, {""channel"": ""C1"", ""name"": ""Reverse adjacency"", ""role"": ""reverse edges for bidirectional scan context""}, {""channel"": ""C2"", ""name"": ""Layer diagonal"", ""role"": ""SOR/SOT/SPEC layer identity on the diagonal""}, {""channel"": ""C3"", ""name"": ""Degree fingerprint"", ""role"": ""local structural degree signature on the diagonal""}, {""channel"": ""C4"", ""name"": ""Lineage route bias"", ""role"": ""route prior for SOR -> SOT -> SPEC traversal""}, {""channel"": ""C5"", ""name"": ""Sparse mask"", ""role"": ""occupied cells so sparse zeros are not treated as missing evidence""}]",article_cpu,16,2,2-2-8-2,16-32-64-128,128,128,10,16,4096,64,0.001,weighted_bce,16,True,isomera_structural_hard_negative_miner,adamw,0.1,0.15,0.05,mps,mps,True,,0.55,276,276,0.1357191249999942,0.1357191249999942,689.7630314646019,427.3531825378512,/Users/cayofel/Documents/GitHub/isomera_v2/main/data/architectures/tpc_ds_genai_spec_v2/models/vmamba_mesh_t/VMambaMeshT_graph_SOR8_D4_seed42_article_cpu_r16_d2-2-8-2_w16-32-64-128_lossweighted_bce_nr16_hardneg_hardneg_mps_spec_lr0p001_seed42.pkl,/Users/cayofel/Documents/GitHub/isomera_v2/main/data/architectures/tpc_ds_genai_spec_v2/models/vmamba_mesh_t/VMambaMeshT_graph_SOR8_D4_seed42_article_cpu_r16_d2-2-8-2_w16-32-64-128_lossweighted_bce_nr16_hardneg_hardneg_mps_spec_lr0p001_seed42.json,58,109,4,105,0.3391812865497076,0.5905797101449275,0.3473053892215569,0.935483870967742,0.5065502183406114
tpc_ds_genai_spec_v2,graph_SOR8_D5_seed42,VMamba-T (hardneg-mps-spec),VMamba-T (hardneg-mps-spec),VMamba-T,vmamba_t,hardneg-mps-spec,"[{""channel"": ""C0"", ""name"": ""Forward adjacency"", ""role"": ""edges in canonical lineage direction""}, {""channel"": ""C1"", ""name"": ""Reverse adjacency"", ""role"": ""reverse edges for bidirectional scan context""}]",article_cpu,16,2,2-2-8-2,16-32-64-128,128,128,10,16,4096,64,0.001,weighted_bce,16,True,isomera_structural_hard_negative_miner,adamw,0.1,0.15,0.05,mps,mps,True,,0.65,435,435,0.3112068329999999,0.3112068329999999,898.5755693315937,202.43771447010616,/Users/cayofel/Documents/GitHub/isomera_v2/main/data/architectures/tpc_ds_genai_spec_v2/models/vmamba_t/VMambaT_graph_SOR8_D5_seed42_article_cpu_r16_d2-2-8-2_w16-32-64-128_lossweighted_bce_nr16_hardneg_hardneg_mps_spec_lr0p001_seed42.pkl,/Users/cayofel/Documents/GitHub/isomera_v2/main/data/architectures/tpc_ds_genai_spec_v2/models/vmamba_t/VMambaT_graph_SOR8_D5_seed42_article_cpu_r16_d2-2-8-2_w16-32-64-128_lossweighted_bce_nr16_hardneg_hardneg_mps_spec_lr0p001_seed42.json,63,5,30,337,0.6428571428571429,0.9195402298850576,0.9264705882352942,0.6774193548387096,0.7826086956521738
tpc_ds_genai_spec_v2,graph_SOR8_D5_seed42,VMamba-Mesh-T (hardneg-mps-spec),VMamba-Mesh-T (hardneg-mps-spec),VMamba-Mesh-T,vmamba_mesh_t,hardneg-mps-spec,"[{""channel"": ""C0"", ""name"": ""Forward adjacency"", ""role"": ""edges in canonical lineage direction""}, {""channel"": ""C1"", ""name"": ""Reverse adjacency"", ""role"": ""reverse edges for bidirectional scan context""}, {""channel"": ""C2"", ""name"": ""Layer diagonal"", ""role"": ""SOR/SOT/SPEC layer identity on the diagonal""}, {""channel"": ""C3"", ""name"": ""Degree fingerprint"", ""role"": ""local structural degree signature on the diagonal""}, {""channel"": ""C4"", ""name"": ""Lineage route bias"", ""role"": ""route prior for SOR -> SOT -> SPEC traversal""}, {""channel"": ""C5"", ""name"": ""Sparse mask"", ""role"": ""occupied cells so sparse zeros are not treated as missing evidence""}]",article_cpu,16,2,2-2-8-2,16-32-64-128,128,128,10,16,4096,64,0.001,weighted_bce,16,True,isomera_structural_hard_negative_miner,adamw,0.1,0.15,0.05,mps,mps,True,,0.6,435,435,0.1790141670000196,0.1790141670000196,1654.0167850221458,452.47815498306977,/Users/cayofel/Documents/GitHub/isomera_v2/main/data/architectures/tpc_ds_genai_spec_v2/models/vmamba_mesh_t/VMambaMeshT_graph_SOR8_D5_seed42_article_cpu_r16_d2-2-8-2_w16-32-64-128_lossweighted_bce_nr16_hardneg_hardneg_mps_spec_lr0p001_seed42.pkl,/Users/cayofel/Documents/GitHub/isomera_v2/main/data/architectures/tpc_ds_genai_spec_v2/models/vmamba_mesh_t/VMambaMeshT_graph_SOR8_D5_seed42_article_cpu_r16_d2-2-8-2_w16-32-64-128_lossweighted_bce_nr16_hardneg_hardneg_mps_spec_lr0p001_seed42.json,81,26,12,316,0.680672268907563,0.9126436781609196,0.7570093457943925,0.8709677419354839,0.81
tpc_ds_genai_spec_v2,graph_SOR16_D1_seed42,VMamba-T (hardneg-mps-spec),VMamba-T (hardneg-mps-spec),VMamba-T,vmamba_t,hardneg-mps-spec,"[{""channel"": ""C0"", ""name"": ""Forward adjacency"", ""role"": ""edges in canonical lineage direction""}, {""channel"": ""C1"", ""name"": ""Reverse adjacency"", ""role"": ""reverse edges for bidirectional scan context""}]",article_cpu,16,2,2-2-8-2,16-32-64-128,128,128,10,16,4096,64,0.001,weighted_bce,16,True,isomera_structural_hard_negative_miner,adamw,0.1,0.15,0.05,mps,mps,True,,0.1,15,15,0.0741126670000085,0.0741126670000085,67.46485050928509,26.985940203714033,/Users/cayofel/Documents/GitHub/isomera_v2/main/data/architectures/tpc_ds_genai_spec_v2/models/vmamba_t/VMambaT_graph_SOR16_D1_seed42_article_cpu_r16_d2-2-8-2_w16-32-64-128_lossweighted_bce_nr16_hardneg_hardneg_mps_spec_lr0p001_seed42.pkl,/Users/cayofel/Documents/GitHub/isomera_v2/main/data/architectures/tpc_ds_genai_spec_v2/models/vmamba_t/VMambaT_graph_SOR16_D1_seed42_article_cpu_r16_d2-2-8-2_w16-32-64-128_lossweighted_bce_nr16_hardneg_hardneg_mps_spec_lr0p001_seed42.json,2,3,1,9,0.3333333333333333,0.7333333333333333,0.4,0.6666666666666666,0.5
tpc_ds_genai_spec_v2,graph_SOR16_D1_seed42,VMamba-Mesh-T (hardneg-mps-spec),VMamba-Mesh-T (hardneg-mps-spec),VMamba-Mesh-T,vmamba_mesh_t,hardneg-mps-spec,"[{""channel"": ""C0"", ""name"": ""Forward adjacency"", ""role"": ""edges in canonical lineage direction""}, {""channel"": ""C1"", ""name"": ""Reverse adjacency"", ""role"": ""reverse edges for bidirectional scan context""}, {""channel"": ""C2"", ""name"": ""Layer diagonal"", ""role"": ""SOR/SOT/SPEC layer identity on the diagonal""}, {""channel"": ""C3"", ""name"": ""Degree fingerprint"", ""role"": ""local structural degree signature on the diagonal""}, {""channel"": ""C4"", ""name"": ""Lineage route bias"", ""role"": ""route prior for SOR -> SOT -> SPEC traversal""}, {""channel"": ""C5"", ""name"": ""Sparse mask"", ""role"": ""occupied cells so sparse zeros are not treated as missing evidence""}]",article_cpu,16,2,2-2-8-2,16-32-64-128,128,128,10,16,4096,64,0.001,weighted_bce,16,True,isomera_structural_hard_negative_miner,adamw,0.1,0.15,0.05,mps,mps,True,,0.1,15,15,0.0651387080000063,0.0651387080000063,76.75927499206026,30.703709996824102,/Users/cayofel/Documents/GitHub/isomera_v2/main/data/architectures/tpc_ds_genai_spec_v2/models/vmamba_mesh_t/VMambaMeshT_graph_SOR16_D1_seed42_article_cpu_r16_d2-2-8-2_w16-32-64-128_lossweighted_bce_nr16_hardneg_hardneg_mps_spec_lr0p001_seed42.pkl,/Users/cayofel/Documents/GitHub/isomera_v2/main/data/architectures/tpc_ds_genai_spec_v2/models/vmamba_mesh_t/VMambaMeshT_graph_SOR16_D1_seed42_article_cpu_r16_d2-2-8-2_w16-32-64-128_lossweighted_bce_nr16_hardneg_hardneg_mps_spec_lr0p001_seed42.json,2,3,1,9,0.3333333333333333,0.7333333333333333,0.4,0.6666666666666666,0.5
tpc_ds_genai_spec_v2,graph_SOR16_D2_seed42,VMamba-T (hardneg-mps-spec),VMamba-T (hardneg-mps-spec),VMamba-T,vmamba_t,hardneg-mps-spec,"[{""channel"": ""C0"", ""name"": ""Forward adjacency"", ""role"": ""edges in canonical lineage direction""}, {""channel"": ""C1"", ""name"": ""Reverse adjacency"", ""role"": ""reverse edges for bidirectional scan context""}]",article_cpu,16,2,2-2-8-2,16-32-64-128,128,128,10,16,4096,64,0.001,weighted_bce,16,True,isomera_structural_hard_negative_miner,adamw,0.1,0.15,0.05,mps,mps,True,,0.35,66,66,0.0849108339999986,0.0849108339999986,181.3667264179768,164.87884219816073,/Users/cayofel/Documents/GitHub/isomera_v2/main/data/architectures/tpc_ds_genai_spec_v2/models/vmamba_t/VMambaT_graph_SOR16_D2_seed42_article_cpu_r16_d2-2-8-2_w16-32-64-128_lossweighted_bce_nr16_hardneg_hardneg_mps_spec_lr0p001_seed42.pkl,/Users/cayofel/Documents/GitHub/isomera_v2/main/data/architectures/tpc_ds_genai_spec_v2/models/vmamba_t/VMambaT_graph_SOR16_D2_seed42_article_cpu_r16_d2-2-8-2_w16-32-64-128_lossweighted_bce_nr16_hardneg_hardneg_mps_spec_lr0p001_seed42.json,14,46,0,6,0.2333333333333333,0.303030303030303,0.2333333333333333,1.0,0.3783783783783783
tpc_ds_genai_spec_v2,graph_SOR16_D2_seed42,VMamba-Mesh-T (hardneg-mps-spec),VMamba-Mesh-T (hardneg-mps-spec),VMamba-Mesh-T,vmamba_mesh_t,hardneg-mps-spec,"[{""channel"": ""C0"", ""name"": ""Forward adjacency"", ""role"": ""edges in canonical lineage direction""}, {""channel"": ""C1"", ""name"": ""Reverse adjacency"", ""role"": ""reverse edges for bidirectional scan context""}, {""channel"": ""C2"", ""name"": ""Layer diagonal"", ""role"": ""SOR/SOT/SPEC layer identity on the diagonal""}, {""channel"": ""C3"", ""name"": ""Degree fingerprint"", ""role"": ""local structural degree signature on the diagonal""}, {""channel"": ""C4"", ""name"": ""Lineage route bias"", ""role"": ""route prior for SOR -> SOT -> SPEC traversal""}, {""channel"": ""C5"", ""name"": ""Sparse mask"", ""role"": ""occupied cells so sparse zeros are not treated as missing evidence""}]",article_cpu,16,2,2-2-8-2,16-32-64-128,128,128,10,16,4096,64,0.001,weighted_bce,16,True,isomera_structural_hard_negative_miner,adamw,0.1,0.15,0.05,mps,mps,True,,0.725,66,66,0.0847473329999957,0.0847473329999957,278.13770341810954,58.99890678565959,/Users/cayofel/Documents/GitHub/isomera_v2/main/data/architectures/tpc_ds_genai_spec_v2/models/vmamba_mesh_t/VMambaMeshT_graph_SOR16_D2_seed42_article_cpu_r16_d2-2-8-2_w16-32-64-128_lossweighted_bce_nr16_hardneg_hardneg_mps_spec_lr0p001_seed42.pkl,/Users/cayofel/Documents/GitHub/isomera_v2/main/data/architectures/tpc_ds_genai_spec_v2/models/vmamba_mesh_t/VMambaMeshT_graph_SOR16_D2_seed42_article_cpu_r16_d2-2-8-2_w16-32-64-128_lossweighted_bce_nr16_hardneg_hardneg_mps_spec_lr0p001_seed42.json,5,0,9,52,0.3571428571428571,0.8636363636363636,1.0,0.3571428571428571,0.5263157894736842
tpc_ds_genai_spec_v2,graph_SOR16_D3_seed42,VMamba-T (hardneg-mps-spec),VMamba-T (hardneg-mps-spec),VMamba-T,vmamba_t,hardneg-mps-spec,"[{""channel"": ""C0"", ""name"": ""Forward adjacency"", ""role"": ""edges in canonical lineage direction""}, {""channel"": ""C1"", ""name"": ""Reverse adjacency"", ""role"": ""reverse edges for bidirectional scan context""}]",article_cpu,16,2,2-2-8-2,16-32-64-128,128,128,10,16,4096,64,0.001,weighted_bce,16,True,isomera_structural_hard_negative_miner,adamw,0.1,0.15,0.05,mps,mps,True,,0.525,153,153,0.151906542000006,0.151906542000006,357.3929197903998,144.82588906539073,/Users/cayofel/Documents/GitHub/isomera_v2/main/data/architectures/tpc_ds_genai_spec_v2/models/vmamba_t/VMambaT_graph_SOR16_D3_seed42_article_cpu_r16_d2-2-8-2_w16-32-64-128_lossweighted_bce_nr16_hardneg_hardneg_mps_spec_lr0p001_seed42.pkl,/Users/cayofel/Documents/GitHub/isomera_v2/main/data/architectures/tpc_ds_genai_spec_v2/models/vmamba_t/VMambaT_graph_SOR16_D3_seed42_article_cpu_r16_d2-2-8-2_w16-32-64-128_lossweighted_bce_nr16_hardneg_hardneg_mps_spec_lr0p001_seed42.json,22,29,11,91,0.3548387096774194,0.738562091503268,0.4313725490196078,0.6666666666666666,0.5238095238095237
tpc_ds_genai_spec_v2,graph_SOR16_D3_seed42,VMamba-Mesh-T (hardneg-mps-spec),VMamba-Mesh-T (hardneg-mps-spec),VMamba-Mesh-T,vmamba_mesh_t,hardneg-mps-spec,"[{""channel"": ""C0"", ""name"": ""Forward adjacency"", ""role"": ""edges in canonical lineage direction""}, {""channel"": ""C1"", ""name"": ""Reverse adjacency"", ""role"": ""reverse edges for bidirectional scan context""}, {""channel"": ""C2"", ""name"": ""Layer diagonal"", ""role"": ""SOR/SOT/SPEC layer identity on the diagonal""}, {""channel"": ""C3"", ""name"": ""Degree fingerprint"", ""role"": ""local structural degree signature on the diagonal""}, {""channel"": ""C4"", ""name"": ""Lineage route bias"", ""role"": ""route prior for SOR -> SOT -> SPEC traversal""}, {""channel"": ""C5"", ""name"": ""Sparse mask"", ""role"": ""occupied cells so sparse zeros are not treated as missing evidence""}]",article_cpu,16,2,2-2-8-2,16-32-64-128,128,128,10,16,4096,64,0.001,weighted_bce,16,True,isomera_structural_hard_negative_miner,adamw,0.1,0.15,0.05,mps,mps,True,,0.5,153,153,0.1088693750000118,0.1088693750000118,407.1586045546188,284.74490645323016,/Users/cayofel/Documents/GitHub/isomera_v2/main/data/architectures/tpc_ds_genai_spec_v2/models/vmamba_mesh_t/VMambaMeshT_graph_SOR16_D3_seed42_article_cpu_r16_d2-2-8-2_w16-32-64-128_lossweighted_bce_nr16_hardneg_hardneg_mps_spec_lr0p001_seed42.pkl,/Users/cayofel/Documents/GitHub/isomera_v2/main/data/architectures/tpc_ds_genai_spec_v2/models/vmamba_mesh_t/VMambaMeshT_graph_SOR16_D3_seed42_article_cpu_r16_d2-2-8-2_w16-32-64-128_lossweighted_bce_nr16_hardneg_hardneg_mps_spec_lr0p001_seed42.json,31,74,2,46,0.2897196261682243,0.5032679738562091,0.2952380952380952,0.9393939393939394,0.4492753623188405
tpc_ds_genai_spec_v2,graph_SOR16_D4_seed42,VMamba-T (hardneg-mps-spec),VMamba-T (hardneg-mps-spec),VMamba-T,vmamba_t,hardneg-mps-spec,"[{""channel"": ""C0"", ""name"": ""Forward adjacency"", ""role"": ""edges in canonical lineage direction""}, {""channel"": ""C1"", ""name"": ""Reverse adjacency"", ""role"": ""reverse edges for bidirectional scan context""}]",article_cpu,16,2,2-2-8-2,16-32-64-128,128,128,10,16,4096,64,0.001,weighted_bce,16,True,isomera_structural_hard_negative_miner,adamw,0.1,0.15,0.05,mps,mps,True,,0.575,276,276,0.1340490410000256,0.1340490410000256,823.5791854712251,298.39825560551634,/Users/cayofel/Documents/GitHub/isomera_v2/main/data/architectures/tpc_ds_genai_spec_v2/models/vmamba_t/VMambaT_graph_SOR16_D4_seed42_article_cpu_r16_d2-2-8-2_w16-32-64-128_lossweighted_bce_nr16_hardneg_hardneg_mps_spec_lr0p001_seed42.pkl,/Users/cayofel/Documents/GitHub/isomera_v2/main/data/architectures/tpc_ds_genai_spec_v2/models/vmamba_t/VMambaT_graph_SOR16_D4_seed42_article_cpu_r16_d2-2-8-2_w16-32-64-128_lossweighted_bce_nr16_hardneg_hardneg_mps_spec_lr0p001_seed42.json,40,41,19,176,0.4,0.782608695652174,0.4938271604938271,0.6779661016949152,0.5714285714285714
tpc_ds_genai_spec_v2,graph_SOR16_D4_seed42,VMamba-Mesh-T (hardneg-mps-spec),VMamba-Mesh-T (hardneg-mps-spec),VMamba-Mesh-T,vmamba_mesh_t,hardneg-mps-spec,"[{""channel"": ""C0"", ""name"": ""Forward adjacency"", ""role"": ""edges in canonical lineage direction""}, {""channel"": ""C1"", ""name"": ""Reverse adjacency"", ""role"": ""reverse edges for bidirectional scan context""}, {""channel"": ""C2"", ""name"": ""Layer diagonal"", ""role"": ""SOR/SOT/SPEC layer identity on the diagonal""}, {""channel"": ""C3"", ""name"": ""Degree fingerprint"", ""role"": ""local structural degree signature on the diagonal""}, {""channel"": ""C4"", ""name"": ""Lineage route bias"", ""role"": ""route prior for SOR -> SOT -> SPEC traversal""}, {""channel"": ""C5"", ""name"": ""Sparse mask"", ""role"": ""occupied cells so sparse zeros are not treated as missing evidence""}]",article_cpu,16,2,2-2-8-2,16-32-64-128,128,128,10,16,4096,64,0.001,weighted_bce,16,True,isomera_structural_hard_negative_miner,adamw,0.1,0.15,0.05,mps,mps,True,,0.575,276,276,0.1344699590000004,0.1344699590000004,628.0883627951603,416.449892722878,/Users/cayofel/Documents/GitHub/isomera_v2/main/data/architectures/tpc_ds_genai_spec_v2/models/vmamba_mesh_t/VMambaMeshT_graph_SOR16_D4_seed42_article_cpu_r16_d2-2-8-2_w16-32-64-128_lossweighted_bce_nr16_hardneg_hardneg_mps_spec_lr0p001_seed42.pkl,/Users/cayofel/Documents/GitHub/isomera_v2/main/data/architectures/tpc_ds_genai_spec_v2/models/vmamba_mesh_t/VMambaMeshT_graph_SOR16_D4_seed42_article_cpu_r16_d2-2-8-2_w16-32-64-128_lossweighted_bce_nr16_hardneg_hardneg_mps_spec_lr0p001_seed42.json,56,124,3,93,0.3060109289617486,0.5398550724637681,0.3111111111111111,0.9491525423728814,0.4686192468619247
tpc_ds_genai_spec_v2,graph_SOR16_D5_seed42,VMamba-T (hardneg-mps-spec),VMamba-T (hardneg-mps-spec),VMamba-T,vmamba_t,hardneg-mps-spec,"[{""channel"": ""C0"", ""name"": ""Forward adjacency"", ""role"": ""edges in canonical lineage direction""}, {""channel"": ""C1"", ""name"": ""Reverse adjacency"", ""role"": ""reverse edges for bidirectional scan context""}]",article_cpu,16,2,2-2-8-2,16-32-64-128,128,128,10,16,4096,64,0.001,weighted_bce,16,True,isomera_structural_hard_negative_miner,adamw,0.1,0.15,0.05,mps,mps,True,,0.625,435,435,0.1757326249999948,0.1757326249999948,1610.1800394124425,381.2610208263944,/Users/cayofel/Documents/GitHub/isomera_v2/main/data/architectures/tpc_ds_genai_spec_v2/models/vmamba_t/VMambaT_graph_SOR16_D5_seed42_article_cpu_r16_d2-2-8-2_w16-32-64-128_lossweighted_bce_nr16_hardneg_hardneg_mps_spec_lr0p001_seed42.pkl,/Users/cayofel/Documents/GitHub/isomera_v2/main/data/architectures/tpc_ds_genai_spec_v2/models/vmamba_t/VMambaT_graph_SOR16_D5_seed42_article_cpu_r16_d2-2-8-2_w16-32-64-128_lossweighted_bce_nr16_hardneg_hardneg_mps_spec_lr0p001_seed42.json,67,10,26,332,0.6504854368932039,0.9172413793103448,0.8701298701298701,0.7204301075268817,0.788235294117647
tpc_ds_genai_spec_v2,graph_SOR16_D5_seed42,VMamba-Mesh-T (hardneg-mps-spec),VMamba-Mesh-T (hardneg-mps-spec),VMamba-Mesh-T,vmamba_mesh_t,hardneg-mps-spec,"[{""channel"": ""C0"", ""name"": ""Forward adjacency"", ""role"": ""edges in canonical lineage direction""}, {""channel"": ""C1"", ""name"": ""Reverse adjacency"", ""role"": ""reverse edges for bidirectional scan context""}, {""channel"": ""C2"", ""name"": ""Layer diagonal"", ""role"": ""SOR/SOT/SPEC layer identity on the diagonal""}, {""channel"": ""C3"", ""name"": ""Degree fingerprint"", ""role"": ""local structural degree signature on the diagonal""}, {""channel"": ""C4"", ""name"": ""Lineage route bias"", ""role"": ""route prior for SOR -> SOT -> SPEC traversal""}, {""channel"": ""C5"", ""name"": ""Sparse mask"", ""role"": ""occupied cells so sparse zeros are not treated as missing evidence""}]",article_cpu,16,2,2-2-8-2,16-32-64-128,128,128,10,16,4096,64,0.001,weighted_bce,16,True,isomera_structural_hard_negative_miner,adamw,0.1,0.15,0.05,mps,mps,True,,0.5,435,435,0.2114604999999869,0.2114604999999869,1316.5579387167684,378.32124675769205,/Users/cayofel/Documents/GitHub/isomera_v2/main/data/architectures/tpc_ds_genai_spec_v2/models/vmamba_mesh_t/VMambaMeshT_graph_SOR16_D5_seed42_article_cpu_r16_d2-2-8-2_w16-32-64-128_lossweighted_bce_nr16_hardneg_hardneg_mps_spec_lr0p001_seed42.pkl,/Users/cayofel/Documents/GitHub/isomera_v2/main/data/architectures/tpc_ds_genai_spec_v2/models/vmamba_mesh_t/VMambaMeshT_graph_SOR16_D5_seed42_article_cpu_r16_d2-2-8-2_w16-32-64-128_lossweighted_bce_nr16_hardneg_hardneg_mps_spec_lr0p001_seed42.json,80,32,13,310,0.64,0.896551724137931,0.7142857142857143,0.8602150537634409,0.7804878048780488
