scenario,algorithm,artifact_path,artifact_role,route_mode,route_source,inference_threshold,accuracy,jaccard,sf_jaccard,sf_accuracy,ET,median_execution_time,N_pairs,tp,fp,fn,tn,precision,recall,f1,runs
graph_SOR2_D1_seed42,GNN TPC-DS v1 cluster,/Users/cayofel/Documents/GitHub/isomera_v2/main/core/algorithms/pickle/gin_gnn/modelos_gnn_separados/graph_SOR2_D1_seed42.pkl,scenario_specific_pickle,scenario_specific,explicit scenario pickle map,0.5,1.0,1.0,11847.956175,11847.956175,0.000506,0.000506,6,1,0,0,5,1.0,1.0,1.0,10
graph_SOR2_D1_seed42,GNN GenAI SPEC v1 cluster,/Users/cayofel/Documents/GitHub/isomera_v2/main/data/architectures/tpc_ds_genai_spec/models/GNN_tpcds_genai_spec_graph_SOR2_D1_seed42.pkl,scenario_specific_pickle,scenario_specific,explicit scenario pickle map,0.3,1.0,1.0,13349.397512,13349.397512,0.000449,0.000449,6,1,0,0,5,1.0,1.0,1.0,10
graph_SOR2_D1_seed42,GNN GenAI SPEC Protocol rank 1,/Users/cayofel/Documents/GitHub/isomera_v2/main/data/architectures/tpc_ds_genai_spec_protocol/models/rank1_weighted_bce_lr0p005_h16_d0p1_t0p5/GNN_tpcds_genai_spec_protocol_rank1_graph_SOR2_D1_seed42.pkl,scenario_specific_pickle,scenario_specific,explicit scenario pickle map,0.5,1.0,1.0,10385.851226,10385.851226,0.000578,0.000578,6,1,0,0,5,1.0,1.0,1.0,10
graph_SOR2_D1_seed42,GNN GenAI SPEC Protocol rank 2,/Users/cayofel/Documents/GitHub/isomera_v2/main/data/architectures/tpc_ds_genai_spec_protocol/models/rank2_weighted_bce_lr0p001_h16_d0p0_t0p4/GNN_tpcds_genai_spec_protocol_rank2_graph_SOR2_D1_seed42.pkl,scenario_specific_pickle,scenario_specific,explicit scenario pickle map,0.4,1.0,1.0,12938.591382,12938.591382,0.000464,0.000464,6,1,0,0,5,1.0,1.0,1.0,10
graph_SOR2_D1_seed42,GNN GenAI SPEC Protocol rank 3,/Users/cayofel/Documents/GitHub/isomera_v2/main/data/architectures/tpc_ds_genai_spec_protocol/models/rank3_weighted_bce_lr0p005_h16_d0p1_t0p4/GNN_tpcds_genai_spec_protocol_rank3_graph_SOR2_D1_seed42.pkl,scenario_specific_pickle,scenario_specific,explicit scenario pickle map,0.4,1.0,1.0,11179.251973,11179.251973,0.000537,0.000537,6,1,0,0,5,1.0,1.0,1.0,10
graph_SOR2_D1_seed42,GNN GenAI SPEC Protocol rank 4,/Users/cayofel/Documents/GitHub/isomera_v2/main/data/architectures/tpc_ds_genai_spec_protocol/models/rank4_weighted_bce_lr0p001_h16_d0p1_t0p4/GNN_tpcds_genai_spec_protocol_rank4_graph_SOR2_D1_seed42.pkl,scenario_specific_pickle,scenario_specific,explicit scenario pickle map,0.4,1.0,1.0,13231.640331,13231.640331,0.000453,0.000453,6,1,0,0,5,1.0,1.0,1.0,10
graph_SOR2_D1_seed42,GNN GenAI SPEC Protocol rank 5,/Users/cayofel/Documents/GitHub/isomera_v2/main/data/architectures/tpc_ds_genai_spec_protocol/models/rank5_weighted_bce_lr0p001_h16_d0p1_t0p5/GNN_tpcds_genai_spec_protocol_rank5_graph_SOR2_D1_seed42.pkl,scenario_specific_pickle,scenario_specific,explicit scenario pickle map,0.5,1.0,1.0,14675.184513,14675.184513,0.000409,0.000409,6,1,0,0,5,1.0,1.0,1.0,10
graph_SOR2_D2_seed42,GNN TPC-DS v1 cluster,/Users/cayofel/Documents/GitHub/isomera_v2/main/core/algorithms/pickle/gin_gnn/modelos_gnn_separados/graph_SOR2_D2_seed42.pkl,scenario_specific_pickle,scenario_specific,explicit scenario pickle map,0.5,0.928571,0.0,0.0,13805.312208,0.001883,0.001883,28,0,0,2,26,0.0,0.0,0.0,10
graph_SOR2_D2_seed42,GNN GenAI SPEC v1 cluster,/Users/cayofel/Documents/GitHub/isomera_v2/main/data/architectures/tpc_ds_genai_spec/models/GNN_tpcds_genai_spec_graph_SOR2_D2_seed42.pkl,scenario_specific_pickle,scenario_specific,explicit scenario pickle map,0.3,0.857143,0.333333,6508.12657,16735.182609,0.001434,0.001434,28,2,4,0,22,0.333333,1.0,0.5,10
graph_SOR2_D2_seed42,GNN GenAI SPEC Protocol rank 1,/Users/cayofel/Documents/GitHub/isomera_v2/main/data/architectures/tpc_ds_genai_spec_protocol/models/rank1_weighted_bce_lr0p005_h16_d0p1_t0p5/GNN_tpcds_genai_spec_protocol_rank1_graph_SOR2_D2_seed42.pkl,scenario_specific_pickle,scenario_specific,explicit scenario pickle map,0.5,0.928571,0.0,0.0,19572.786065,0.001328,0.001328,28,0,0,2,26,0.0,0.0,0.0,10
graph_SOR2_D2_seed42,GNN GenAI SPEC Protocol rank 2,/Users/cayofel/Documents/GitHub/isomera_v2/main/data/architectures/tpc_ds_genai_spec_protocol/models/rank2_weighted_bce_lr0p001_h16_d0p0_t0p4/GNN_tpcds_genai_spec_protocol_rank2_graph_SOR2_D2_seed42.pkl,scenario_specific_pickle,scenario_specific,explicit scenario pickle map,0.4,0.857143,0.333333,7281.472566,18723.786598,0.001282,0.001282,28,2,4,0,22,0.333333,1.0,0.5,10
graph_SOR2_D2_seed42,GNN GenAI SPEC Protocol rank 3,/Users/cayofel/Documents/GitHub/isomera_v2/main/data/architectures/tpc_ds_genai_spec_protocol/models/rank3_weighted_bce_lr0p005_h16_d0p1_t0p4/GNN_tpcds_genai_spec_protocol_rank3_graph_SOR2_D2_seed42.pkl,scenario_specific_pickle,scenario_specific,explicit scenario pickle map,0.4,0.857143,0.333333,6891.351702,17720.618662,0.001354,0.001354,28,2,4,0,22,0.333333,1.0,0.5,10
graph_SOR2_D2_seed42,GNN GenAI SPEC Protocol rank 4,/Users/cayofel/Documents/GitHub/isomera_v2/main/data/architectures/tpc_ds_genai_spec_protocol/models/rank4_weighted_bce_lr0p001_h16_d0p1_t0p4/GNN_tpcds_genai_spec_protocol_rank4_graph_SOR2_D2_seed42.pkl,scenario_specific_pickle,scenario_specific,explicit scenario pickle map,0.4,0.857143,0.333333,7026.350624,18067.758749,0.001328,0.001328,28,2,4,0,22,0.333333,1.0,0.5,10
graph_SOR2_D2_seed42,GNN GenAI SPEC Protocol rank 5,/Users/cayofel/Documents/GitHub/isomera_v2/main/data/architectures/tpc_ds_genai_spec_protocol/models/rank5_weighted_bce_lr0p001_h16_d0p1_t0p5/GNN_tpcds_genai_spec_protocol_rank5_graph_SOR2_D2_seed42.pkl,scenario_specific_pickle,scenario_specific,explicit scenario pickle map,0.5,0.857143,0.333333,7139.784395,18359.445586,0.001307,0.001307,28,2,4,0,22,0.333333,1.0,0.5,10
graph_SOR2_D3_seed42,GNN TPC-DS v1 cluster,/Users/cayofel/Documents/GitHub/isomera_v2/main/core/algorithms/pickle/gin_gnn/modelos_gnn_separados/graph_SOR2_D3_seed42.pkl,scenario_specific_pickle,scenario_specific,explicit scenario pickle map,0.5,0.954545,0.0,0.0,18440.712036,0.003416,0.003416,66,0,0,3,63,0.0,0.0,0.0,10
graph_SOR2_D3_seed42,GNN GenAI SPEC v1 cluster,/Users/cayofel/Documents/GitHub/isomera_v2/main/data/architectures/tpc_ds_genai_spec/models/GNN_tpcds_genai_spec_graph_SOR2_D3_seed42.pkl,scenario_specific_pickle,scenario_specific,explicit scenario pickle map,0.3,0.818182,0.2,3331.720467,13629.765546,0.003962,0.003962,66,3,12,0,51,0.2,1.0,0.333333,10
graph_SOR2_D3_seed42,GNN GenAI SPEC Protocol rank 1,/Users/cayofel/Documents/GitHub/isomera_v2/main/data/architectures/tpc_ds_genai_spec_protocol/models/rank1_weighted_bce_lr0p005_h16_d0p1_t0p5/GNN_tpcds_genai_spec_protocol_rank1_graph_SOR2_D3_seed42.pkl,scenario_specific_pickle,scenario_specific,explicit scenario pickle map,0.5,0.818182,0.2,3061.032469,12522.405553,0.004312,0.004312,66,3,12,0,51,0.2,1.0,0.333333,10
graph_SOR2_D3_seed42,GNN GenAI SPEC Protocol rank 2,/Users/cayofel/Documents/GitHub/isomera_v2/main/data/architectures/tpc_ds_genai_spec_protocol/models/rank2_weighted_bce_lr0p001_h16_d0p0_t0p4/GNN_tpcds_genai_spec_protocol_rank2_graph_SOR2_D3_seed42.pkl,scenario_specific_pickle,scenario_specific,explicit scenario pickle map,0.4,0.818182,0.2,2954.920675,12088.311854,0.004467,0.004467,66,3,12,0,51,0.2,1.0,0.333333,10
graph_SOR2_D3_seed42,GNN GenAI SPEC Protocol rank 3,/Users/cayofel/Documents/GitHub/isomera_v2/main/data/architectures/tpc_ds_genai_spec_protocol/models/rank3_weighted_bce_lr0p005_h16_d0p1_t0p4/GNN_tpcds_genai_spec_protocol_rank3_graph_SOR2_D3_seed42.pkl,scenario_specific_pickle,scenario_specific,explicit scenario pickle map,0.4,0.818182,0.2,3046.212433,12461.778135,0.004333,0.004333,66,3,12,0,51,0.2,1.0,0.333333,10
graph_SOR2_D3_seed42,GNN GenAI SPEC Protocol rank 4,/Users/cayofel/Documents/GitHub/isomera_v2/main/data/architectures/tpc_ds_genai_spec_protocol/models/rank4_weighted_bce_lr0p001_h16_d0p1_t0p4/GNN_tpcds_genai_spec_protocol_rank4_graph_SOR2_D3_seed42.pkl,scenario_specific_pickle,scenario_specific,explicit scenario pickle map,0.4,0.818182,0.2,1467.995365,6005.435584,0.008992,0.008992,66,3,12,0,51,0.2,1.0,0.333333,10
graph_SOR2_D3_seed42,GNN GenAI SPEC Protocol rank 5,/Users/cayofel/Documents/GitHub/isomera_v2/main/data/architectures/tpc_ds_genai_spec_protocol/models/rank5_weighted_bce_lr0p001_h16_d0p1_t0p5/GNN_tpcds_genai_spec_protocol_rank5_graph_SOR2_D3_seed42.pkl,scenario_specific_pickle,scenario_specific,explicit scenario pickle map,0.5,0.818182,0.2,3459.214253,14151.331036,0.003816,0.003816,66,3,12,0,51,0.2,1.0,0.333333,10
graph_SOR2_D4_seed42,GNN TPC-DS v1 cluster,/Users/cayofel/Documents/GitHub/isomera_v2/main/core/algorithms/pickle/gin_gnn/modelos_gnn_separados/graph_SOR2_D4_seed42.pkl,scenario_specific_pickle,scenario_specific,explicit scenario pickle map,0.5,0.966667,0.0,0.0,20435.726788,0.005676,0.005676,120,0,0,4,116,0.0,0.0,0.0,10
graph_SOR2_D4_seed42,GNN GenAI SPEC v1 cluster,/Users/cayofel/Documents/GitHub/isomera_v2/main/data/architectures/tpc_ds_genai_spec/models/GNN_tpcds_genai_spec_graph_SOR2_D4_seed42.pkl,scenario_specific_pickle,scenario_specific,explicit scenario pickle map,0.3,0.8,0.142857,3492.721187,19559.238646,0.004908,0.004908,120,4,24,0,92,0.142857,1.0,0.25,10
graph_SOR2_D4_seed42,GNN GenAI SPEC Protocol rank 1,/Users/cayofel/Documents/GitHub/isomera_v2/main/data/architectures/tpc_ds_genai_spec_protocol/models/rank1_weighted_bce_lr0p005_h16_d0p1_t0p5/GNN_tpcds_genai_spec_protocol_rank1_graph_SOR2_D4_seed42.pkl,scenario_specific_pickle,scenario_specific,explicit scenario pickle map,0.5,0.966667,0.0,0.0,23049.887716,0.005033,0.005033,120,0,0,4,116,0.0,0.0,0.0,10
graph_SOR2_D4_seed42,GNN GenAI SPEC Protocol rank 2,/Users/cayofel/Documents/GitHub/isomera_v2/main/data/architectures/tpc_ds_genai_spec_protocol/models/rank2_weighted_bce_lr0p001_h16_d0p0_t0p4/GNN_tpcds_genai_spec_protocol_rank2_graph_SOR2_D4_seed42.pkl,scenario_specific_pickle,scenario_specific,explicit scenario pickle map,0.4,0.8,0.142857,3745.997956,20977.588556,0.004576,0.004576,120,4,24,0,92,0.142857,1.0,0.25,10
graph_SOR2_D4_seed42,GNN GenAI SPEC Protocol rank 3,/Users/cayofel/Documents/GitHub/isomera_v2/main/data/architectures/tpc_ds_genai_spec_protocol/models/rank3_weighted_bce_lr0p005_h16_d0p1_t0p4/GNN_tpcds_genai_spec_protocol_rank3_graph_SOR2_D4_seed42.pkl,scenario_specific_pickle,scenario_specific,explicit scenario pickle map,0.4,0.8,0.142857,3123.070208,17489.193165,0.005489,0.005489,120,4,24,0,92,0.142857,1.0,0.25,10
graph_SOR2_D4_seed42,GNN GenAI SPEC Protocol rank 4,/Users/cayofel/Documents/GitHub/isomera_v2/main/data/architectures/tpc_ds_genai_spec_protocol/models/rank4_weighted_bce_lr0p001_h16_d0p1_t0p4/GNN_tpcds_genai_spec_protocol_rank4_graph_SOR2_D4_seed42.pkl,scenario_specific_pickle,scenario_specific,explicit scenario pickle map,0.4,0.8,0.142857,3573.553726,20011.900863,0.004797,0.004797,120,4,24,0,92,0.142857,1.0,0.25,10
graph_SOR2_D4_seed42,GNN GenAI SPEC Protocol rank 5,/Users/cayofel/Documents/GitHub/isomera_v2/main/data/architectures/tpc_ds_genai_spec_protocol/models/rank5_weighted_bce_lr0p001_h16_d0p1_t0p5/GNN_tpcds_genai_spec_protocol_rank5_graph_SOR2_D4_seed42.pkl,scenario_specific_pickle,scenario_specific,explicit scenario pickle map,0.5,0.966667,0.0,0.0,22295.275594,0.005203,0.005203,120,0,0,4,116,0.0,0.0,0.0,10
graph_SOR2_D5_seed42,GNN TPC-DS v1 cluster,/Users/cayofel/Documents/GitHub/isomera_v2/main/core/algorithms/pickle/gin_gnn/modelos_gnn_separados/graph_SOR2_D5_seed42.pkl,scenario_specific_pickle,scenario_specific,explicit scenario pickle map,0.5,0.973684,0.0,0.0,24248.979635,0.007629,0.007629,190,0,0,5,185,0.0,0.0,0.0,10
graph_SOR2_D5_seed42,GNN GenAI SPEC v1 cluster,/Users/cayofel/Documents/GitHub/isomera_v2/main/data/architectures/tpc_ds_genai_spec/models/GNN_tpcds_genai_spec_graph_SOR2_D5_seed42.pkl,scenario_specific_pickle,scenario_specific,explicit scenario pickle map,0.3,0.789474,0.111111,2855.216118,20287.061888,0.007394,0.007394,190,5,40,0,145,0.111111,1.0,0.2,10
graph_SOR2_D5_seed42,GNN GenAI SPEC Protocol rank 1,/Users/cayofel/Documents/GitHub/isomera_v2/main/data/architectures/tpc_ds_genai_spec_protocol/models/rank1_weighted_bce_lr0p005_h16_d0p1_t0p5/GNN_tpcds_genai_spec_protocol_rank1_graph_SOR2_D5_seed42.pkl,scenario_specific_pickle,scenario_specific,explicit scenario pickle map,0.5,0.826316,0.057143,1485.677144,21483.673437,0.007308,0.007308,190,2,30,3,155,0.0625,0.4,0.108108,10
graph_SOR2_D5_seed42,GNN GenAI SPEC Protocol rank 2,/Users/cayofel/Documents/GitHub/isomera_v2/main/data/architectures/tpc_ds_genai_spec_protocol/models/rank2_weighted_bce_lr0p001_h16_d0p0_t0p4/GNN_tpcds_genai_spec_protocol_rank2_graph_SOR2_D5_seed42.pkl,scenario_specific_pickle,scenario_specific,explicit scenario pickle map,0.4,0.789474,0.111111,2357.362103,16749.678101,0.008955,0.008955,190,5,40,0,145,0.111111,1.0,0.2,10
graph_SOR2_D5_seed42,GNN GenAI SPEC Protocol rank 3,/Users/cayofel/Documents/GitHub/isomera_v2/main/data/architectures/tpc_ds_genai_spec_protocol/models/rank3_weighted_bce_lr0p005_h16_d0p1_t0p4/GNN_tpcds_genai_spec_protocol_rank3_graph_SOR2_D5_seed42.pkl,scenario_specific_pickle,scenario_specific,explicit scenario pickle map,0.4,0.789474,0.111111,2905.065304,20641.253477,0.007267,0.007267,190,5,40,0,145,0.111111,1.0,0.2,10
graph_SOR2_D5_seed42,GNN GenAI SPEC Protocol rank 4,/Users/cayofel/Documents/GitHub/isomera_v2/main/data/architectures/tpc_ds_genai_spec_protocol/models/rank4_weighted_bce_lr0p001_h16_d0p1_t0p4/GNN_tpcds_genai_spec_protocol_rank4_graph_SOR2_D5_seed42.pkl,scenario_specific_pickle,scenario_specific,explicit scenario pickle map,0.4,0.789474,0.111111,2641.151689,18766.077789,0.007993,0.007993,190,5,40,0,145,0.111111,1.0,0.2,10
graph_SOR2_D5_seed42,GNN GenAI SPEC Protocol rank 5,/Users/cayofel/Documents/GitHub/isomera_v2/main/data/architectures/tpc_ds_genai_spec_protocol/models/rank5_weighted_bce_lr0p001_h16_d0p1_t0p5/GNN_tpcds_genai_spec_protocol_rank5_graph_SOR2_D5_seed42.pkl,scenario_specific_pickle,scenario_specific,explicit scenario pickle map,0.5,0.947368,0.0,0.0,23822.982591,0.007556,0.007556,190,0,5,5,180,0.0,0.0,0.0,10
graph_SOR4_D1_seed42,GNN TPC-DS v1 cluster,/Users/cayofel/Documents/GitHub/isomera_v2/main/core/algorithms/pickle/gin_gnn/modelos_gnn_separados/graph_SOR4_D1_seed42.pkl,scenario_specific_pickle,scenario_specific,explicit scenario pickle map,0.5,1.0,1.0,20953.503948,20953.503948,0.001336,0.001336,28,6,0,0,22,1.0,1.0,1.0,10
graph_SOR4_D1_seed42,GNN GenAI SPEC v1 cluster,/Users/cayofel/Documents/GitHub/isomera_v2/main/data/architectures/tpc_ds_genai_spec/models/GNN_tpcds_genai_spec_graph_SOR4_D1_seed42.pkl,scenario_specific_pickle,scenario_specific,explicit scenario pickle map,0.3,1.0,1.0,22254.968505,22254.968505,0.001258,0.001258,28,6,0,0,22,1.0,1.0,1.0,10
graph_SOR4_D1_seed42,GNN GenAI SPEC Protocol rank 1,/Users/cayofel/Documents/GitHub/isomera_v2/main/data/architectures/tpc_ds_genai_spec_protocol/models/rank1_weighted_bce_lr0p005_h16_d0p1_t0p5/GNN_tpcds_genai_spec_protocol_rank1_graph_SOR4_D1_seed42.pkl,scenario_specific_pickle,scenario_specific,explicit scenario pickle map,0.5,1.0,1.0,22395.520841,22395.520841,0.00125,0.00125,28,6,0,0,22,1.0,1.0,1.0,10
graph_SOR4_D1_seed42,GNN GenAI SPEC Protocol rank 2,/Users/cayofel/Documents/GitHub/isomera_v2/main/data/architectures/tpc_ds_genai_spec_protocol/models/rank2_weighted_bce_lr0p001_h16_d0p0_t0p4/GNN_tpcds_genai_spec_protocol_rank2_graph_SOR4_D1_seed42.pkl,scenario_specific_pickle,scenario_specific,explicit scenario pickle map,0.4,1.0,1.0,23048.83361,23048.83361,0.001215,0.001215,28,6,0,0,22,1.0,1.0,1.0,10
graph_SOR4_D1_seed42,GNN GenAI SPEC Protocol rank 3,/Users/cayofel/Documents/GitHub/isomera_v2/main/data/architectures/tpc_ds_genai_spec_protocol/models/rank3_weighted_bce_lr0p005_h16_d0p1_t0p4/GNN_tpcds_genai_spec_protocol_rank3_graph_SOR4_D1_seed42.pkl,scenario_specific_pickle,scenario_specific,explicit scenario pickle map,0.4,1.0,1.0,21185.366349,21185.366349,0.001322,0.001322,28,6,0,0,22,1.0,1.0,1.0,10
graph_SOR4_D1_seed42,GNN GenAI SPEC Protocol rank 4,/Users/cayofel/Documents/GitHub/isomera_v2/main/data/architectures/tpc_ds_genai_spec_protocol/models/rank4_weighted_bce_lr0p001_h16_d0p1_t0p4/GNN_tpcds_genai_spec_protocol_rank4_graph_SOR4_D1_seed42.pkl,scenario_specific_pickle,scenario_specific,explicit scenario pickle map,0.4,1.0,1.0,21615.020502,21615.020502,0.001295,0.001295,28,6,0,0,22,1.0,1.0,1.0,10
graph_SOR4_D1_seed42,GNN GenAI SPEC Protocol rank 5,/Users/cayofel/Documents/GitHub/isomera_v2/main/data/architectures/tpc_ds_genai_spec_protocol/models/rank5_weighted_bce_lr0p001_h16_d0p1_t0p5/GNN_tpcds_genai_spec_protocol_rank5_graph_SOR4_D1_seed42.pkl,scenario_specific_pickle,scenario_specific,explicit scenario pickle map,0.5,1.0,1.0,13723.949547,13723.949547,0.00204,0.00204,28,6,0,0,22,1.0,1.0,1.0,10
graph_SOR4_D2_seed42,GNN TPC-DS v1 cluster,/Users/cayofel/Documents/GitHub/isomera_v2/main/core/algorithms/pickle/gin_gnn/modelos_gnn_separados/graph_SOR4_D2_seed42.pkl,scenario_specific_pickle,scenario_specific,explicit scenario pickle map,0.5,0.908333,0.0,0.0,19504.339356,0.005588,0.005588,120,0,0,11,109,0.0,0.0,0.0,10
graph_SOR4_D2_seed42,GNN GenAI SPEC v1 cluster,/Users/cayofel/Documents/GitHub/isomera_v2/main/data/architectures/tpc_ds_genai_spec/models/GNN_tpcds_genai_spec_graph_SOR4_D2_seed42.pkl,scenario_specific_pickle,scenario_specific,explicit scenario pickle map,0.3,0.858333,0.392857,8979.129235,19618.036904,0.00525,0.00525,120,11,17,0,92,0.392857,1.0,0.564103,10
graph_SOR4_D2_seed42,GNN GenAI SPEC Protocol rank 1,/Users/cayofel/Documents/GitHub/isomera_v2/main/data/architectures/tpc_ds_genai_spec_protocol/models/rank1_weighted_bce_lr0p005_h16_d0p1_t0p5/GNN_tpcds_genai_spec_protocol_rank1_graph_SOR4_D2_seed42.pkl,scenario_specific_pickle,scenario_specific,explicit scenario pickle map,0.5,0.891667,0.071429,1689.332751,21088.503836,0.005074,0.005074,120,1,3,10,106,0.25,0.090909,0.133333,10
graph_SOR4_D2_seed42,GNN GenAI SPEC Protocol rank 2,/Users/cayofel/Documents/GitHub/isomera_v2/main/data/architectures/tpc_ds_genai_spec_protocol/models/rank2_weighted_bce_lr0p001_h16_d0p0_t0p4/GNN_tpcds_genai_spec_protocol_rank2_graph_SOR4_D2_seed42.pkl,scenario_specific_pickle,scenario_specific,explicit scenario pickle map,0.4,0.858333,0.392857,8781.282041,19185.770761,0.005369,0.005369,120,11,17,0,92,0.392857,1.0,0.564103,10
graph_SOR4_D2_seed42,GNN GenAI SPEC Protocol rank 3,/Users/cayofel/Documents/GitHub/isomera_v2/main/data/architectures/tpc_ds_genai_spec_protocol/models/rank3_weighted_bce_lr0p005_h16_d0p1_t0p4/GNN_tpcds_genai_spec_protocol_rank3_graph_SOR4_D2_seed42.pkl,scenario_specific_pickle,scenario_specific,explicit scenario pickle map,0.4,0.858333,0.392857,8815.971575,19261.562138,0.005347,0.005347,120,11,17,0,92,0.392857,1.0,0.564103,10
graph_SOR4_D2_seed42,GNN GenAI SPEC Protocol rank 4,/Users/cayofel/Documents/GitHub/isomera_v2/main/data/architectures/tpc_ds_genai_spec_protocol/models/rank4_weighted_bce_lr0p001_h16_d0p1_t0p4/GNN_tpcds_genai_spec_protocol_rank4_graph_SOR4_D2_seed42.pkl,scenario_specific_pickle,scenario_specific,explicit scenario pickle map,0.4,0.858333,0.392857,9383.296995,20501.082222,0.005024,0.005024,120,11,17,0,92,0.392857,1.0,0.564103,10
graph_SOR4_D2_seed42,GNN GenAI SPEC Protocol rank 5,/Users/cayofel/Documents/GitHub/isomera_v2/main/data/architectures/tpc_ds_genai_spec_protocol/models/rank5_weighted_bce_lr0p001_h16_d0p1_t0p5/GNN_tpcds_genai_spec_protocol_rank5_graph_SOR4_D2_seed42.pkl,scenario_specific_pickle,scenario_specific,explicit scenario pickle map,0.5,0.858333,0.291667,6740.328811,19835.824786,0.005193,0.005193,120,7,13,4,96,0.35,0.636364,0.451613,10
graph_SOR4_D3_seed42,GNN TPC-DS v1 cluster,/Users/cayofel/Documents/GitHub/isomera_v2/main/core/algorithms/pickle/gin_gnn/modelos_gnn_separados/graph_SOR4_D3_seed42.pkl,scenario_specific_pickle,scenario_specific,explicit scenario pickle map,0.5,0.916667,0.0,0.0,22168.836959,0.011412,0.011412,276,0,0,23,253,0.0,0.0,0.0,10
graph_SOR4_D3_seed42,GNN GenAI SPEC v1 cluster,/Users/cayofel/Documents/GitHub/isomera_v2/main/data/architectures/tpc_ds_genai_spec/models/GNN_tpcds_genai_spec_graph_SOR4_D3_seed42.pkl,scenario_specific_pickle,scenario_specific,explicit scenario pickle map,0.3,0.844203,0.348485,9073.025054,21979.360315,0.010601,0.010601,276,23,43,0,210,0.348485,1.0,0.516854,10
graph_SOR4_D3_seed42,GNN GenAI SPEC Protocol rank 1,/Users/cayofel/Documents/GitHub/isomera_v2/main/data/architectures/tpc_ds_genai_spec_protocol/models/rank1_weighted_bce_lr0p005_h16_d0p1_t0p5/GNN_tpcds_genai_spec_protocol_rank1_graph_SOR4_D3_seed42.pkl,scenario_specific_pickle,scenario_specific,explicit scenario pickle map,0.5,0.847826,0.34375,8900.232825,21951.562383,0.01066,0.01066,276,22,41,1,212,0.349206,0.956522,0.511628,10
graph_SOR4_D3_seed42,GNN GenAI SPEC Protocol rank 2,/Users/cayofel/Documents/GitHub/isomera_v2/main/data/architectures/tpc_ds_genai_spec_protocol/models/rank2_weighted_bce_lr0p001_h16_d0p0_t0p4/GNN_tpcds_genai_spec_protocol_rank2_graph_SOR4_D3_seed42.pkl,scenario_specific_pickle,scenario_specific,explicit scenario pickle map,0.4,0.844203,0.348485,8988.220375,21773.921382,0.010701,0.010701,276,23,43,0,210,0.348485,1.0,0.516854,10
graph_SOR4_D3_seed42,GNN GenAI SPEC Protocol rank 3,/Users/cayofel/Documents/GitHub/isomera_v2/main/data/architectures/tpc_ds_genai_spec_protocol/models/rank3_weighted_bce_lr0p005_h16_d0p1_t0p4/GNN_tpcds_genai_spec_protocol_rank3_graph_SOR4_D3_seed42.pkl,scenario_specific_pickle,scenario_specific,explicit scenario pickle map,0.4,0.844203,0.348485,8144.861143,19730.887628,0.011809,0.011809,276,23,43,0,210,0.348485,1.0,0.516854,10
graph_SOR4_D3_seed42,GNN GenAI SPEC Protocol rank 4,/Users/cayofel/Documents/GitHub/isomera_v2/main/data/architectures/tpc_ds_genai_spec_protocol/models/rank4_weighted_bce_lr0p001_h16_d0p1_t0p4/GNN_tpcds_genai_spec_protocol_rank4_graph_SOR4_D3_seed42.pkl,scenario_specific_pickle,scenario_specific,explicit scenario pickle map,0.4,0.844203,0.348485,8916.697634,21600.657879,0.010787,0.010787,276,23,43,0,210,0.348485,1.0,0.516854,10
graph_SOR4_D3_seed42,GNN GenAI SPEC Protocol rank 5,/Users/cayofel/Documents/GitHub/isomera_v2/main/data/architectures/tpc_ds_genai_spec_protocol/models/rank5_weighted_bce_lr0p001_h16_d0p1_t0p5/GNN_tpcds_genai_spec_protocol_rank5_graph_SOR4_D3_seed42.pkl,scenario_specific_pickle,scenario_specific,explicit scenario pickle map,0.5,0.847826,0.34375,8889.270772,21924.52554,0.010673,0.010673,276,22,41,1,212,0.349206,0.956522,0.511628,10
graph_SOR4_D4_seed42,GNN TPC-DS v1 cluster,/Users/cayofel/Documents/GitHub/isomera_v2/main/core/algorithms/pickle/gin_gnn/modelos_gnn_separados/graph_SOR4_D4_seed42.pkl,scenario_specific_pickle,scenario_specific,explicit scenario pickle map,0.5,0.925403,0.0,0.0,21634.44507,0.021216,0.021216,496,0,0,37,459,0.0,0.0,0.0,10
graph_SOR4_D4_seed42,GNN GenAI SPEC v1 cluster,/Users/cayofel/Documents/GitHub/isomera_v2/main/data/architectures/tpc_ds_genai_spec/models/GNN_tpcds_genai_spec_graph_SOR4_D4_seed42.pkl,scenario_specific_pickle,scenario_specific,explicit scenario pickle map,0.3,0.832661,0.308333,7909.466819,21359.697882,0.019335,0.019335,496,37,83,0,376,0.308333,1.0,0.471338,10
graph_SOR4_D4_seed42,GNN GenAI SPEC Protocol rank 1,/Users/cayofel/Documents/GitHub/isomera_v2/main/data/architectures/tpc_ds_genai_spec_protocol/models/rank1_weighted_bce_lr0p005_h16_d0p1_t0p5/GNN_tpcds_genai_spec_protocol_rank1_graph_SOR4_D4_seed42.pkl,scenario_specific_pickle,scenario_specific,explicit scenario pickle map,0.5,0.925403,0.0,0.0,23213.252802,0.019773,0.019773,496,0,0,37,459,0.0,0.0,0.0,10
graph_SOR4_D4_seed42,GNN GenAI SPEC Protocol rank 2,/Users/cayofel/Documents/GitHub/isomera_v2/main/data/architectures/tpc_ds_genai_spec_protocol/models/rank2_weighted_bce_lr0p001_h16_d0p0_t0p4/GNN_tpcds_genai_spec_protocol_rank2_graph_SOR4_D4_seed42.pkl,scenario_specific_pickle,scenario_specific,explicit scenario pickle map,0.4,0.832661,0.308333,7359.345483,19874.082505,0.020781,0.020781,496,37,83,0,376,0.308333,1.0,0.471338,10
graph_SOR4_D4_seed42,GNN GenAI SPEC Protocol rank 3,/Users/cayofel/Documents/GitHub/isomera_v2/main/data/architectures/tpc_ds_genai_spec_protocol/models/rank3_weighted_bce_lr0p005_h16_d0p1_t0p4/GNN_tpcds_genai_spec_protocol_rank3_graph_SOR4_D4_seed42.pkl,scenario_specific_pickle,scenario_specific,explicit scenario pickle map,0.4,0.832661,0.308333,7203.996234,19454.558269,0.021229,0.021229,496,37,83,0,376,0.308333,1.0,0.471338,10
graph_SOR4_D4_seed42,GNN GenAI SPEC Protocol rank 4,/Users/cayofel/Documents/GitHub/isomera_v2/main/data/architectures/tpc_ds_genai_spec_protocol/models/rank4_weighted_bce_lr0p001_h16_d0p1_t0p4/GNN_tpcds_genai_spec_protocol_rank4_graph_SOR4_D4_seed42.pkl,scenario_specific_pickle,scenario_specific,explicit scenario pickle map,0.4,0.832661,0.308333,7641.0316,20634.782374,0.020015,0.020015,496,37,83,0,376,0.308333,1.0,0.471338,10
graph_SOR4_D4_seed42,GNN GenAI SPEC Protocol rank 5,/Users/cayofel/Documents/GitHub/isomera_v2/main/data/architectures/tpc_ds_genai_spec_protocol/models/rank5_weighted_bce_lr0p001_h16_d0p1_t0p5/GNN_tpcds_genai_spec_protocol_rank5_graph_SOR4_D4_seed42.pkl,scenario_specific_pickle,scenario_specific,explicit scenario pickle map,0.5,0.844758,0.280374,7166.489128,21592.419832,0.019405,0.019405,496,30,70,7,389,0.3,0.810811,0.437956,10
graph_SOR4_D5_seed42,GNN TPC-DS v1 cluster,/Users/cayofel/Documents/GitHub/isomera_v2/main/core/algorithms/pickle/gin_gnn/modelos_gnn_separados/graph_SOR4_D5_seed42.pkl,scenario_specific_pickle,scenario_specific,explicit scenario pickle map,0.5,0.920513,0.0,0.0,22014.10109,0.032615,0.032615,780,0,0,62,718,0.0,0.0,0.0,10
graph_SOR4_D5_seed42,GNN GenAI SPEC v1 cluster,/Users/cayofel/Documents/GitHub/isomera_v2/main/data/architectures/tpc_ds_genai_spec/models/GNN_tpcds_genai_spec_graph_SOR4_D5_seed42.pkl,scenario_specific_pickle,scenario_specific,explicit scenario pickle map,0.3,0.835897,0.326316,8463.134927,21679.345632,0.030075,0.030075,780,62,128,0,590,0.326316,1.0,0.492063,10
graph_SOR4_D5_seed42,GNN GenAI SPEC Protocol rank 1,/Users/cayofel/Documents/GitHub/isomera_v2/main/data/architectures/tpc_ds_genai_spec_protocol/models/rank1_weighted_bce_lr0p005_h16_d0p1_t0p5/GNN_tpcds_genai_spec_protocol_rank1_graph_SOR4_D5_seed42.pkl,scenario_specific_pickle,scenario_specific,explicit scenario pickle map,0.5,0.835897,0.326316,8280.97579,21212.722929,0.030736,0.030736,780,62,128,0,590,0.326316,1.0,0.492063,10
graph_SOR4_D5_seed42,GNN GenAI SPEC Protocol rank 2,/Users/cayofel/Documents/GitHub/isomera_v2/main/data/architectures/tpc_ds_genai_spec_protocol/models/rank2_weighted_bce_lr0p001_h16_d0p0_t0p4/GNN_tpcds_genai_spec_protocol_rank2_graph_SOR4_D5_seed42.pkl,scenario_specific_pickle,scenario_specific,explicit scenario pickle map,0.4,0.835897,0.326316,8472.407891,21703.099453,0.030042,0.030042,780,62,128,0,590,0.326316,1.0,0.492063,10
graph_SOR4_D5_seed42,GNN GenAI SPEC Protocol rank 3,/Users/cayofel/Documents/GitHub/isomera_v2/main/data/architectures/tpc_ds_genai_spec_protocol/models/rank3_weighted_bce_lr0p005_h16_d0p1_t0p4/GNN_tpcds_genai_spec_protocol_rank3_graph_SOR4_D5_seed42.pkl,scenario_specific_pickle,scenario_specific,explicit scenario pickle map,0.4,0.835897,0.326316,8625.08096,22094.190019,0.02951,0.02951,780,62,128,0,590,0.326316,1.0,0.492063,10
graph_SOR4_D5_seed42,GNN GenAI SPEC Protocol rank 4,/Users/cayofel/Documents/GitHub/isomera_v2/main/data/architectures/tpc_ds_genai_spec_protocol/models/rank4_weighted_bce_lr0p001_h16_d0p1_t0p4/GNN_tpcds_genai_spec_protocol_rank4_graph_SOR4_D5_seed42.pkl,scenario_specific_pickle,scenario_specific,explicit scenario pickle map,0.4,0.835897,0.326316,8489.782092,21747.605573,0.02998,0.02998,780,62,128,0,590,0.326316,1.0,0.492063,10
graph_SOR4_D5_seed42,GNN GenAI SPEC Protocol rank 5,/Users/cayofel/Documents/GitHub/isomera_v2/main/data/architectures/tpc_ds_genai_spec_protocol/models/rank5_weighted_bce_lr0p001_h16_d0p1_t0p5/GNN_tpcds_genai_spec_protocol_rank5_graph_SOR4_D5_seed42.pkl,scenario_specific_pickle,scenario_specific,explicit scenario pickle map,0.5,0.835897,0.326316,8521.016631,21827.61663,0.02987,0.02987,780,62,128,0,590,0.326316,1.0,0.492063,10
graph_SOR8_D1_seed42,GNN TPC-DS v1 cluster,/Users/cayofel/Documents/GitHub/isomera_v2/main/core/algorithms/pickle/gin_gnn/modelos_gnn_separados/graph_SOR8_D1_seed42.pkl,scenario_specific_pickle,scenario_specific,explicit scenario pickle map,0.5,0.92381,0.619048,16207.370596,24186.383813,0.004011,0.004011,105,13,8,0,84,0.619048,1.0,0.764706,10
graph_SOR8_D1_seed42,GNN GenAI SPEC v1 cluster,/Users/cayofel/Documents/GitHub/isomera_v2/main/data/architectures/tpc_ds_genai_spec/models/GNN_tpcds_genai_spec_graph_SOR8_D1_seed42.pkl,scenario_specific_pickle,scenario_specific,explicit scenario pickle map,0.3,0.92381,0.619048,17265.899717,25766.034962,0.003765,0.003765,105,13,8,0,84,0.619048,1.0,0.764706,10
graph_SOR8_D1_seed42,GNN GenAI SPEC Protocol rank 1,/Users/cayofel/Documents/GitHub/isomera_v2/main/data/architectures/tpc_ds_genai_spec_protocol/models/rank1_weighted_bce_lr0p005_h16_d0p1_t0p5/GNN_tpcds_genai_spec_protocol_rank1_graph_SOR8_D1_seed42.pkl,scenario_specific_pickle,scenario_specific,explicit scenario pickle map,0.5,0.92381,0.619048,16434.979769,24526.046732,0.003955,0.003955,105,13,8,0,84,0.619048,1.0,0.764706,10
graph_SOR8_D1_seed42,GNN GenAI SPEC Protocol rank 2,/Users/cayofel/Documents/GitHub/isomera_v2/main/data/architectures/tpc_ds_genai_spec_protocol/models/rank2_weighted_bce_lr0p001_h16_d0p0_t0p4/GNN_tpcds_genai_spec_protocol_rank2_graph_SOR8_D1_seed42.pkl,scenario_specific_pickle,scenario_specific,explicit scenario pickle map,0.4,0.92381,0.619048,17297.297342,25812.88988,0.003758,0.003758,105,13,8,0,84,0.619048,1.0,0.764706,10
graph_SOR8_D1_seed42,GNN GenAI SPEC Protocol rank 3,/Users/cayofel/Documents/GitHub/isomera_v2/main/data/architectures/tpc_ds_genai_spec_protocol/models/rank3_weighted_bce_lr0p005_h16_d0p1_t0p4/GNN_tpcds_genai_spec_protocol_rank3_graph_SOR8_D1_seed42.pkl,scenario_specific_pickle,scenario_specific,explicit scenario pickle map,0.4,0.92381,0.619048,15068.534617,22486.890121,0.004314,0.004314,105,13,8,0,84,0.619048,1.0,0.764706,10
graph_SOR8_D1_seed42,GNN GenAI SPEC Protocol rank 4,/Users/cayofel/Documents/GitHub/isomera_v2/main/data/architectures/tpc_ds_genai_spec_protocol/models/rank4_weighted_bce_lr0p001_h16_d0p1_t0p4/GNN_tpcds_genai_spec_protocol_rank4_graph_SOR8_D1_seed42.pkl,scenario_specific_pickle,scenario_specific,explicit scenario pickle map,0.4,0.92381,0.619048,17366.231828,25915.761344,0.003743,0.003743,105,13,8,0,84,0.619048,1.0,0.764706,10
graph_SOR8_D1_seed42,GNN GenAI SPEC Protocol rank 5,/Users/cayofel/Documents/GitHub/isomera_v2/main/data/architectures/tpc_ds_genai_spec_protocol/models/rank5_weighted_bce_lr0p001_h16_d0p1_t0p5/GNN_tpcds_genai_spec_protocol_rank5_graph_SOR8_D1_seed42.pkl,scenario_specific_pickle,scenario_specific,explicit scenario pickle map,0.5,0.904762,0.333333,8185.617978,22218.10594,0.004276,0.004276,105,5,2,8,90,0.714286,0.384615,0.5,10
graph_SOR8_D2_seed42,GNN TPC-DS v1 cluster,/Users/cayofel/Documents/GitHub/isomera_v2/main/core/algorithms/pickle/gin_gnn/modelos_gnn_separados/graph_SOR8_D2_seed42.pkl,scenario_specific_pickle,scenario_specific,explicit scenario pickle map,0.5,0.931034,0.0,0.0,24558.32314,0.016491,0.016491,435,0,0,30,405,0.0,0.0,0.0,10
graph_SOR8_D2_seed42,GNN GenAI SPEC v1 cluster,/Users/cayofel/Documents/GitHub/isomera_v2/main/data/architectures/tpc_ds_genai_spec/models/GNN_tpcds_genai_spec_graph_SOR8_D2_seed42.pkl,scenario_specific_pickle,scenario_specific,explicit scenario pickle map,0.3,0.85977,0.32967,9026.958926,23542.032191,0.015886,0.015886,435,30,61,0,344,0.32967,1.0,0.495868,10
graph_SOR8_D2_seed42,GNN GenAI SPEC Protocol rank 1,/Users/cayofel/Documents/GitHub/isomera_v2/main/data/architectures/tpc_ds_genai_spec_protocol/models/rank1_weighted_bce_lr0p005_h16_d0p1_t0p5/GNN_tpcds_genai_spec_protocol_rank1_graph_SOR8_D2_seed42.pkl,scenario_specific_pickle,scenario_specific,explicit scenario pickle map,0.5,0.894253,0.220339,5715.589304,23196.903644,0.016769,0.016769,435,13,29,17,376,0.309524,0.433333,0.361111,10
graph_SOR8_D2_seed42,GNN GenAI SPEC Protocol rank 2,/Users/cayofel/Documents/GitHub/isomera_v2/main/data/architectures/tpc_ds_genai_spec_protocol/models/rank2_weighted_bce_lr0p001_h16_d0p0_t0p4/GNN_tpcds_genai_spec_protocol_rank2_graph_SOR8_D2_seed42.pkl,scenario_specific_pickle,scenario_specific,explicit scenario pickle map,0.4,0.85977,0.32967,8931.373178,23292.74749,0.016056,0.016056,435,30,61,0,344,0.32967,1.0,0.495868,10
graph_SOR8_D2_seed42,GNN GenAI SPEC Protocol rank 3,/Users/cayofel/Documents/GitHub/isomera_v2/main/data/architectures/tpc_ds_genai_spec_protocol/models/rank3_weighted_bce_lr0p005_h16_d0p1_t0p4/GNN_tpcds_genai_spec_protocol_rank3_graph_SOR8_D2_seed42.pkl,scenario_specific_pickle,scenario_specific,explicit scenario pickle map,0.4,0.85977,0.32967,8736.846186,22785.427057,0.016414,0.016414,435,30,61,0,344,0.32967,1.0,0.495868,10
graph_SOR8_D2_seed42,GNN GenAI SPEC Protocol rank 4,/Users/cayofel/Documents/GitHub/isomera_v2/main/data/architectures/tpc_ds_genai_spec_protocol/models/rank4_weighted_bce_lr0p001_h16_d0p1_t0p4/GNN_tpcds_genai_spec_protocol_rank4_graph_SOR8_D2_seed42.pkl,scenario_specific_pickle,scenario_specific,explicit scenario pickle map,0.4,0.85977,0.32967,8688.950042,22660.51538,0.016504,0.016504,435,30,61,0,344,0.32967,1.0,0.495868,10
graph_SOR8_D2_seed42,GNN GenAI SPEC Protocol rank 5,/Users/cayofel/Documents/GitHub/isomera_v2/main/data/architectures/tpc_ds_genai_spec_protocol/models/rank5_weighted_bce_lr0p001_h16_d0p1_t0p5/GNN_tpcds_genai_spec_protocol_rank5_graph_SOR8_D2_seed42.pkl,scenario_specific_pickle,scenario_specific,explicit scenario pickle map,0.5,0.862069,0.285714,7764.692556,23427.951677,0.016007,0.016007,435,24,54,6,351,0.307692,0.8,0.444444,10
graph_SOR8_D3_seed42,GNN TPC-DS v1 cluster,/Users/cayofel/Documents/GitHub/isomera_v2/main/core/algorithms/pickle/gin_gnn/modelos_gnn_separados/graph_SOR8_D3_seed42.pkl,scenario_specific_pickle,scenario_specific,explicit scenario pickle map,0.5,0.928283,0.0,0.0,25106.603029,0.036604,0.036604,990,0,0,71,919,0.0,0.0,0.0,10
graph_SOR8_D3_seed42,GNN GenAI SPEC v1 cluster,/Users/cayofel/Documents/GitHub/isomera_v2/main/data/architectures/tpc_ds_genai_spec/models/GNN_tpcds_genai_spec_graph_SOR8_D3_seed42.pkl,scenario_specific_pickle,scenario_specific,explicit scenario pickle map,0.3,0.859596,0.338095,9537.202587,24248.022113,0.035096,0.035096,990,71,139,0,780,0.338095,1.0,0.505338,10
graph_SOR8_D3_seed42,GNN GenAI SPEC Protocol rank 1,/Users/cayofel/Documents/GitHub/isomera_v2/main/data/architectures/tpc_ds_genai_spec_protocol/models/rank1_weighted_bce_lr0p005_h16_d0p1_t0p5/GNN_tpcds_genai_spec_protocol_rank1_graph_SOR8_D3_seed42.pkl,scenario_specific_pickle,scenario_specific,explicit scenario pickle map,0.5,0.90202,0.058252,1511.202259,23400.483599,0.038162,0.038162,990,6,32,65,887,0.157895,0.084507,0.110092,10
graph_SOR8_D3_seed42,GNN GenAI SPEC Protocol rank 2,/Users/cayofel/Documents/GitHub/isomera_v2/main/data/architectures/tpc_ds_genai_spec_protocol/models/rank2_weighted_bce_lr0p001_h16_d0p0_t0p4/GNN_tpcds_genai_spec_protocol_rank2_graph_SOR8_D3_seed42.pkl,scenario_specific_pickle,scenario_specific,explicit scenario pickle map,0.4,0.859596,0.338095,8879.452344,22575.713876,0.037695,0.037695,990,71,139,0,780,0.338095,1.0,0.505338,10
graph_SOR8_D3_seed42,GNN GenAI SPEC Protocol rank 3,/Users/cayofel/Documents/GitHub/isomera_v2/main/data/architectures/tpc_ds_genai_spec_protocol/models/rank3_weighted_bce_lr0p005_h16_d0p1_t0p4/GNN_tpcds_genai_spec_protocol_rank3_graph_SOR8_D3_seed42.pkl,scenario_specific_pickle,scenario_specific,explicit scenario pickle map,0.4,0.859596,0.338095,8701.448829,22123.145828,0.038467,0.038467,990,71,139,0,780,0.338095,1.0,0.505338,10
graph_SOR8_D3_seed42,GNN GenAI SPEC Protocol rank 4,/Users/cayofel/Documents/GitHub/isomera_v2/main/data/architectures/tpc_ds_genai_spec_protocol/models/rank4_weighted_bce_lr0p001_h16_d0p1_t0p4/GNN_tpcds_genai_spec_protocol_rank4_graph_SOR8_D3_seed42.pkl,scenario_specific_pickle,scenario_specific,explicit scenario pickle map,0.4,0.859596,0.338095,9293.757373,23629.070708,0.036015,0.036015,990,71,139,0,780,0.338095,1.0,0.505338,10
graph_SOR8_D3_seed42,GNN GenAI SPEC Protocol rank 5,/Users/cayofel/Documents/GitHub/isomera_v2/main/data/architectures/tpc_ds_genai_spec_protocol/models/rank5_weighted_bce_lr0p001_h16_d0p1_t0p5/GNN_tpcds_genai_spec_protocol_rank5_graph_SOR8_D3_seed42.pkl,scenario_specific_pickle,scenario_specific,explicit scenario pickle map,0.5,0.869697,0.27933,8061.38725,25099.251346,0.034304,0.034304,990,50,108,21,811,0.316456,0.704225,0.436681,10
graph_SOR8_D4_seed42,GNN TPC-DS v1 cluster,/Users/cayofel/Documents/GitHub/isomera_v2/main/core/algorithms/pickle/gin_gnn/modelos_gnn_separados/graph_SOR8_D4_seed42.pkl,scenario_specific_pickle,scenario_specific,explicit scenario pickle map,0.5,0.934463,0.0,0.0,26292.616102,0.062907,0.062907,1770,0,0,116,1654,0.0,0.0,0.0,10
graph_SOR8_D4_seed42,GNN GenAI SPEC v1 cluster,/Users/cayofel/Documents/GitHub/isomera_v2/main/data/architectures/tpc_ds_genai_spec/models/GNN_tpcds_genai_spec_graph_SOR8_D4_seed42.pkl,scenario_specific_pickle,scenario_specific,explicit scenario pickle map,0.3,0.851977,0.306878,8621.764974,23936.357674,0.063,0.063,1770,116,262,0,1392,0.306878,1.0,0.469636,10
graph_SOR8_D4_seed42,GNN GenAI SPEC Protocol rank 1,/Users/cayofel/Documents/GitHub/isomera_v2/main/data/architectures/tpc_ds_genai_spec_protocol/models/rank1_weighted_bce_lr0p005_h16_d0p1_t0p5/GNN_tpcds_genai_spec_protocol_rank1_graph_SOR8_D4_seed42.pkl,scenario_specific_pickle,scenario_specific,explicit scenario pickle map,0.5,0.851977,0.306878,8810.216127,24459.549179,0.061653,0.061653,1770,116,262,0,1392,0.306878,1.0,0.469636,10
graph_SOR8_D4_seed42,GNN GenAI SPEC Protocol rank 2,/Users/cayofel/Documents/GitHub/isomera_v2/main/data/architectures/tpc_ds_genai_spec_protocol/models/rank2_weighted_bce_lr0p001_h16_d0p0_t0p4/GNN_tpcds_genai_spec_protocol_rank2_graph_SOR8_D4_seed42.pkl,scenario_specific_pickle,scenario_specific,explicit scenario pickle map,0.4,0.851977,0.306878,8837.720756,24535.909488,0.061461,0.061461,1770,116,262,0,1392,0.306878,1.0,0.469636,10
graph_SOR8_D4_seed42,GNN GenAI SPEC Protocol rank 3,/Users/cayofel/Documents/GitHub/isomera_v2/main/data/architectures/tpc_ds_genai_spec_protocol/models/rank3_weighted_bce_lr0p005_h16_d0p1_t0p4/GNN_tpcds_genai_spec_protocol_rank3_graph_SOR8_D4_seed42.pkl,scenario_specific_pickle,scenario_specific,explicit scenario pickle map,0.4,0.851977,0.306878,8699.208781,24151.362682,0.06244,0.06244,1770,116,262,0,1392,0.306878,1.0,0.469636,10
graph_SOR8_D4_seed42,GNN GenAI SPEC Protocol rank 4,/Users/cayofel/Documents/GitHub/isomera_v2/main/data/architectures/tpc_ds_genai_spec_protocol/models/rank4_weighted_bce_lr0p001_h16_d0p1_t0p4/GNN_tpcds_genai_spec_protocol_rank4_graph_SOR8_D4_seed42.pkl,scenario_specific_pickle,scenario_specific,explicit scenario pickle map,0.4,0.851977,0.306878,8307.525942,23063.944903,0.065383,0.065383,1770,116,262,0,1392,0.306878,1.0,0.469636,10
graph_SOR8_D4_seed42,GNN GenAI SPEC Protocol rank 5,/Users/cayofel/Documents/GitHub/isomera_v2/main/data/architectures/tpc_ds_genai_spec_protocol/models/rank5_weighted_bce_lr0p001_h16_d0p1_t0p5/GNN_tpcds_genai_spec_protocol_rank5_graph_SOR8_D4_seed42.pkl,scenario_specific_pickle,scenario_specific,explicit scenario pickle map,0.5,0.869492,0.23,6164.171652,23303.021794,0.066043,0.066043,1770,69,184,47,1470,0.272727,0.594828,0.373984,10
graph_SOR8_D5_seed42,GNN TPC-DS v1 cluster,/Users/cayofel/Documents/GitHub/isomera_v2/main/core/algorithms/pickle/gin_gnn/modelos_gnn_separados/graph_SOR8_D5_seed42.pkl,scenario_specific_pickle,scenario_specific,explicit scenario pickle map,0.5,0.935495,0.0,0.0,15798.273814,0.164322,0.164322,2775,0,0,179,2596,0.0,0.0,0.0,10
graph_SOR8_D5_seed42,GNN GenAI SPEC v1 cluster,/Users/cayofel/Documents/GitHub/isomera_v2/main/data/architectures/tpc_ds_genai_spec/models/GNN_tpcds_genai_spec_graph_SOR8_D5_seed42.pkl,scenario_specific_pickle,scenario_specific,explicit scenario pickle map,0.3,0.85009,0.30084,7399.825167,20909.822544,0.112818,0.112818,2775,179,416,0,2180,0.30084,1.0,0.462532,10
graph_SOR8_D5_seed42,GNN GenAI SPEC Protocol rank 1,/Users/cayofel/Documents/GitHub/isomera_v2/main/data/architectures/tpc_ds_genai_spec_protocol/models/rank1_weighted_bce_lr0p005_h16_d0p1_t0p5/GNN_tpcds_genai_spec_protocol_rank1_graph_SOR8_D5_seed42.pkl,scenario_specific_pickle,scenario_specific,explicit scenario pickle map,0.5,0.85009,0.30084,8007.837757,22627.894943,0.104252,0.104252,2775,179,416,0,2180,0.30084,1.0,0.462532,10
graph_SOR8_D5_seed42,GNN GenAI SPEC Protocol rank 2,/Users/cayofel/Documents/GitHub/isomera_v2/main/data/architectures/tpc_ds_genai_spec_protocol/models/rank2_weighted_bce_lr0p001_h16_d0p0_t0p4/GNN_tpcds_genai_spec_protocol_rank2_graph_SOR8_D5_seed42.pkl,scenario_specific_pickle,scenario_specific,explicit scenario pickle map,0.4,0.860541,0.285978,7832.675425,23569.428589,0.101318,0.101318,2775,155,363,24,2233,0.299228,0.865922,0.444763,10
graph_SOR8_D5_seed42,GNN GenAI SPEC Protocol rank 3,/Users/cayofel/Documents/GitHub/isomera_v2/main/data/architectures/tpc_ds_genai_spec_protocol/models/rank3_weighted_bce_lr0p005_h16_d0p1_t0p4/GNN_tpcds_genai_spec_protocol_rank3_graph_SOR8_D5_seed42.pkl,scenario_specific_pickle,scenario_specific,explicit scenario pickle map,0.4,0.85009,0.30084,8362.409988,23629.81624,0.099832,0.099832,2775,179,416,0,2180,0.30084,1.0,0.462532,10
graph_SOR8_D5_seed42,GNN GenAI SPEC Protocol rank 4,/Users/cayofel/Documents/GitHub/isomera_v2/main/data/architectures/tpc_ds_genai_spec_protocol/models/rank4_weighted_bce_lr0p001_h16_d0p1_t0p4/GNN_tpcds_genai_spec_protocol_rank4_graph_SOR8_D5_seed42.pkl,scenario_specific_pickle,scenario_specific,explicit scenario pickle map,0.4,0.859099,0.289091,8145.597069,24206.486208,0.098486,0.098486,2775,159,371,20,2225,0.3,0.888268,0.448519,10
graph_SOR8_D5_seed42,GNN GenAI SPEC Protocol rank 5,/Users/cayofel/Documents/GitHub/isomera_v2/main/data/architectures/tpc_ds_genai_spec_protocol/models/rank5_weighted_bce_lr0p001_h16_d0p1_t0p5/GNN_tpcds_genai_spec_protocol_rank5_graph_SOR8_D5_seed42.pkl,scenario_specific_pickle,scenario_specific,explicit scenario pickle map,0.5,0.902342,0.214493,5863.911054,24668.689952,0.101505,0.101505,2775,74,166,105,2430,0.308333,0.413408,0.353222,10
graph_SOR16_D1_seed42,GNN TPC-DS v1 cluster,/Users/cayofel/Documents/GitHub/isomera_v2/main/core/algorithms/pickle/gin_gnn/modelos_gnn_separados/graph_SOR16_D1_seed42.pkl,scenario_specific_pickle,scenario_specific,explicit scenario pickle map,0.5,0.972332,0.0,0.0,43472.659659,0.005659,0.005659,253,0,0,7,246,0.0,0.0,0.0,10
graph_SOR16_D1_seed42,GNN GenAI SPEC v1 cluster,/Users/cayofel/Documents/GitHub/isomera_v2/main/data/architectures/tpc_ds_genai_spec/models/GNN_tpcds_genai_spec_graph_SOR16_D1_seed42.pkl,scenario_specific_pickle,scenario_specific,explicit scenario pickle map,0.3,0.944664,0.333333,15611.319876,44242.357118,0.005402,0.005402,253,7,14,0,232,0.333333,1.0,0.5,10
graph_SOR16_D1_seed42,GNN GenAI SPEC Protocol rank 1,/Users/cayofel/Documents/GitHub/isomera_v2/main/data/architectures/tpc_ds_genai_spec_protocol/models/rank1_weighted_bce_lr0p005_h16_d0p1_t0p5/GNN_tpcds_genai_spec_protocol_rank1_graph_SOR16_D1_seed42.pkl,scenario_specific_pickle,scenario_specific,explicit scenario pickle map,0.5,0.944664,0.333333,13692.931361,38805.659232,0.006159,0.006159,253,7,14,0,232,0.333333,1.0,0.5,10
graph_SOR16_D1_seed42,GNN GenAI SPEC Protocol rank 2,/Users/cayofel/Documents/GitHub/isomera_v2/main/data/architectures/tpc_ds_genai_spec_protocol/models/rank2_weighted_bce_lr0p001_h16_d0p0_t0p4/GNN_tpcds_genai_spec_protocol_rank2_graph_SOR16_D1_seed42.pkl,scenario_specific_pickle,scenario_specific,explicit scenario pickle map,0.4,0.944664,0.333333,13007.921426,36864.346491,0.006483,0.006483,253,7,14,0,232,0.333333,1.0,0.5,10
graph_SOR16_D1_seed42,GNN GenAI SPEC Protocol rank 3,/Users/cayofel/Documents/GitHub/isomera_v2/main/data/architectures/tpc_ds_genai_spec_protocol/models/rank3_weighted_bce_lr0p005_h16_d0p1_t0p4/GNN_tpcds_genai_spec_protocol_rank3_graph_SOR16_D1_seed42.pkl,scenario_specific_pickle,scenario_specific,explicit scenario pickle map,0.4,0.944664,0.333333,14574.835109,41304.967483,0.005786,0.005786,253,7,14,0,232,0.333333,1.0,0.5,10
graph_SOR16_D1_seed42,GNN GenAI SPEC Protocol rank 4,/Users/cayofel/Documents/GitHub/isomera_v2/main/data/architectures/tpc_ds_genai_spec_protocol/models/rank4_weighted_bce_lr0p001_h16_d0p1_t0p4/GNN_tpcds_genai_spec_protocol_rank4_graph_SOR16_D1_seed42.pkl,scenario_specific_pickle,scenario_specific,explicit scenario pickle map,0.4,0.944664,0.333333,14822.028517,42005.511647,0.00569,0.00569,253,7,14,0,232,0.333333,1.0,0.5,10
graph_SOR16_D1_seed42,GNN GenAI SPEC Protocol rank 5,/Users/cayofel/Documents/GitHub/isomera_v2/main/data/architectures/tpc_ds_genai_spec_protocol/models/rank5_weighted_bce_lr0p001_h16_d0p1_t0p5/GNN_tpcds_genai_spec_protocol_rank5_graph_SOR16_D1_seed42.pkl,scenario_specific_pickle,scenario_specific,explicit scenario pickle map,0.5,0.972332,0.0,0.0,40992.457459,0.006001,0.006001,253,0,0,7,246,0.0,0.0,0.0,10
graph_SOR16_D2_seed42,GNN TPC-DS v1 cluster,/Users/cayofel/Documents/GitHub/isomera_v2/main/core/algorithms/pickle/gin_gnn/modelos_gnn_separados/graph_SOR16_D2_seed42.pkl,scenario_specific_pickle,scenario_specific,explicit scenario pickle map,0.5,0.98744,0.0,0.0,46575.173009,0.021943,0.021943,1035,0,0,13,1022,0.0,0.0,0.0,10
graph_SOR16_D2_seed42,GNN GenAI SPEC v1 cluster,/Users/cayofel/Documents/GitHub/isomera_v2/main/data/architectures/tpc_ds_genai_spec/models/GNN_tpcds_genai_spec_graph_SOR16_D2_seed42.pkl,scenario_specific_pickle,scenario_specific,explicit scenario pickle map,0.3,0.924638,0.142857,6685.559686,43272.04284,0.022116,0.022116,1035,13,78,0,944,0.142857,1.0,0.25,10
graph_SOR16_D2_seed42,GNN GenAI SPEC Protocol rank 1,/Users/cayofel/Documents/GitHub/isomera_v2/main/data/architectures/tpc_ds_genai_spec_protocol/models/rank1_weighted_bce_lr0p005_h16_d0p1_t0p5/GNN_tpcds_genai_spec_protocol_rank1_graph_SOR16_D2_seed42.pkl,scenario_specific_pickle,scenario_specific,explicit scenario pickle map,0.5,0.931401,0.144578,7300.472992,47031.034221,0.020497,0.020497,1035,12,70,1,952,0.146341,0.923077,0.252632,10
graph_SOR16_D2_seed42,GNN GenAI SPEC Protocol rank 2,/Users/cayofel/Documents/GitHub/isomera_v2/main/data/architectures/tpc_ds_genai_spec_protocol/models/rank2_weighted_bce_lr0p001_h16_d0p0_t0p4/GNN_tpcds_genai_spec_protocol_rank2_graph_SOR16_D2_seed42.pkl,scenario_specific_pickle,scenario_specific,explicit scenario pickle map,0.4,0.924638,0.142857,6875.23768,44499.726782,0.021506,0.021506,1035,13,78,0,944,0.142857,1.0,0.25,10
graph_SOR16_D2_seed42,GNN GenAI SPEC Protocol rank 3,/Users/cayofel/Documents/GitHub/isomera_v2/main/data/architectures/tpc_ds_genai_spec_protocol/models/rank3_weighted_bce_lr0p005_h16_d0p1_t0p4/GNN_tpcds_genai_spec_protocol_rank3_graph_SOR16_D2_seed42.pkl,scenario_specific_pickle,scenario_specific,explicit scenario pickle map,0.4,0.924638,0.142857,7008.873225,45364.678007,0.021096,0.021096,1035,13,78,0,944,0.142857,1.0,0.25,10
graph_SOR16_D2_seed42,GNN GenAI SPEC Protocol rank 4,/Users/cayofel/Documents/GitHub/isomera_v2/main/data/architectures/tpc_ds_genai_spec_protocol/models/rank4_weighted_bce_lr0p001_h16_d0p1_t0p4/GNN_tpcds_genai_spec_protocol_rank4_graph_SOR16_D2_seed42.pkl,scenario_specific_pickle,scenario_specific,explicit scenario pickle map,0.4,0.924638,0.142857,6800.667758,44017.075661,0.021742,0.021742,1035,13,78,0,944,0.142857,1.0,0.25,10
graph_SOR16_D2_seed42,GNN GenAI SPEC Protocol rank 5,/Users/cayofel/Documents/GitHub/isomera_v2/main/data/architectures/tpc_ds_genai_spec_protocol/models/rank5_weighted_bce_lr0p001_h16_d0p1_t0p5/GNN_tpcds_genai_spec_protocol_rank5_graph_SOR16_D2_seed42.pkl,scenario_specific_pickle,scenario_specific,explicit scenario pickle map,0.5,0.941063,0.152778,7643.288943,47080.243038,0.020688,0.020688,1035,11,59,2,963,0.157143,0.846154,0.26506,10
graph_SOR16_D3_seed42,GNN TPC-DS v1 cluster,/Users/cayofel/Documents/GitHub/isomera_v2/main/core/algorithms/pickle/gin_gnn/modelos_gnn_separados/graph_SOR16_D3_seed42.pkl,scenario_specific_pickle,scenario_specific,explicit scenario pickle map,0.5,0.986786,0.0,0.0,44766.919688,0.051712,0.051712,2346,0,0,31,2315,0.0,0.0,0.0,10
graph_SOR16_D3_seed42,GNN GenAI SPEC v1 cluster,/Users/cayofel/Documents/GitHub/isomera_v2/main/data/architectures/tpc_ds_genai_spec/models/GNN_tpcds_genai_spec_graph_SOR16_D3_seed42.pkl,scenario_specific_pickle,scenario_specific,explicit scenario pickle map,0.3,0.9237,0.147619,6734.337369,42138.917394,0.051425,0.051425,2346,31,179,0,2136,0.147619,1.0,0.257261,10
graph_SOR16_D3_seed42,GNN GenAI SPEC Protocol rank 1,/Users/cayofel/Documents/GitHub/isomera_v2/main/data/architectures/tpc_ds_genai_spec_protocol/models/rank1_weighted_bce_lr0p005_h16_d0p1_t0p5/GNN_tpcds_genai_spec_protocol_rank1_graph_SOR16_D3_seed42.pkl,scenario_specific_pickle,scenario_specific,explicit scenario pickle map,0.5,0.952259,0.151515,7504.859686,47167.371334,0.047363,0.047363,2346,20,101,11,2214,0.165289,0.645161,0.263158,10
graph_SOR16_D3_seed42,GNN GenAI SPEC Protocol rank 2,/Users/cayofel/Documents/GitHub/isomera_v2/main/data/architectures/tpc_ds_genai_spec_protocol/models/rank2_weighted_bce_lr0p001_h16_d0p0_t0p4/GNN_tpcds_genai_spec_protocol_rank2_graph_SOR16_D3_seed42.pkl,scenario_specific_pickle,scenario_specific,explicit scenario pickle map,0.4,0.9237,0.147619,6548.556775,40976.428398,0.052884,0.052884,2346,31,179,0,2136,0.147619,1.0,0.257261,10
graph_SOR16_D3_seed42,GNN GenAI SPEC Protocol rank 3,/Users/cayofel/Documents/GitHub/isomera_v2/main/data/architectures/tpc_ds_genai_spec_protocol/models/rank3_weighted_bce_lr0p005_h16_d0p1_t0p4/GNN_tpcds_genai_spec_protocol_rank3_graph_SOR16_D3_seed42.pkl,scenario_specific_pickle,scenario_specific,explicit scenario pickle map,0.4,0.9237,0.147619,6833.48986,42759.346462,0.050679,0.050679,2346,31,179,0,2136,0.147619,1.0,0.257261,10
graph_SOR16_D3_seed42,GNN GenAI SPEC Protocol rank 4,/Users/cayofel/Documents/GitHub/isomera_v2/main/data/architectures/tpc_ds_genai_spec_protocol/models/rank4_weighted_bce_lr0p001_h16_d0p1_t0p4/GNN_tpcds_genai_spec_protocol_rank4_graph_SOR16_D3_seed42.pkl,scenario_specific_pickle,scenario_specific,explicit scenario pickle map,0.4,0.9237,0.147619,7142.973753,44695.886832,0.048483,0.048483,2346,31,179,0,2136,0.147619,1.0,0.257261,10
graph_SOR16_D3_seed42,GNN GenAI SPEC Protocol rank 5,/Users/cayofel/Documents/GitHub/isomera_v2/main/data/architectures/tpc_ds_genai_spec_protocol/models/rank5_weighted_bce_lr0p001_h16_d0p1_t0p5/GNN_tpcds_genai_spec_protocol_rank5_graph_SOR16_D3_seed42.pkl,scenario_specific_pickle,scenario_specific,explicit scenario pickle map,0.5,0.9237,0.147619,7138.657709,44668.879953,0.048513,0.048513,2346,31,179,0,2136,0.147619,1.0,0.257261,10
graph_SOR16_D4_seed42,GNN TPC-DS v1 cluster,/Users/cayofel/Documents/GitHub/isomera_v2/main/core/algorithms/pickle/gin_gnn/modelos_gnn_separados/graph_SOR16_D4_seed42.pkl,scenario_specific_pickle,scenario_specific,explicit scenario pickle map,0.5,0.985189,0.0,0.0,47559.954925,0.086712,0.086712,4186,0,0,62,4124,0.0,0.0,0.0,10
graph_SOR16_D4_seed42,GNN GenAI SPEC v1 cluster,/Users/cayofel/Documents/GitHub/isomera_v2/main/data/architectures/tpc_ds_genai_spec/models/GNN_tpcds_genai_spec_graph_SOR16_D4_seed42.pkl,scenario_specific_pickle,scenario_specific,explicit scenario pickle map,0.3,0.92451,0.164021,8254.898586,46528.986579,0.083174,0.083174,4186,62,316,0,3808,0.164021,1.0,0.281818,10
graph_SOR16_D4_seed42,GNN GenAI SPEC Protocol rank 1,/Users/cayofel/Documents/GitHub/isomera_v2/main/data/architectures/tpc_ds_genai_spec_protocol/models/rank1_weighted_bce_lr0p005_h16_d0p1_t0p5/GNN_tpcds_genai_spec_protocol_rank1_graph_SOR16_D4_seed42.pkl,scenario_specific_pickle,scenario_specific,explicit scenario pickle map,0.5,0.985189,0.0,0.0,50118.553659,0.082285,0.082285,4186,0,0,62,4124,0.0,0.0,0.0,10
graph_SOR16_D4_seed42,GNN GenAI SPEC Protocol rank 2,/Users/cayofel/Documents/GitHub/isomera_v2/main/data/architectures/tpc_ds_genai_spec_protocol/models/rank2_weighted_bce_lr0p001_h16_d0p0_t0p4/GNN_tpcds_genai_spec_protocol_rank2_graph_SOR16_D4_seed42.pkl,scenario_specific_pickle,scenario_specific,explicit scenario pickle map,0.4,0.92451,0.164021,8261.145652,46564.198358,0.083111,0.083111,4186,62,316,0,3808,0.164021,1.0,0.281818,10
graph_SOR16_D4_seed42,GNN GenAI SPEC Protocol rank 3,/Users/cayofel/Documents/GitHub/isomera_v2/main/data/architectures/tpc_ds_genai_spec_protocol/models/rank3_weighted_bce_lr0p005_h16_d0p1_t0p4/GNN_tpcds_genai_spec_protocol_rank3_graph_SOR16_D4_seed42.pkl,scenario_specific_pickle,scenario_specific,explicit scenario pickle map,0.4,0.92451,0.164021,8191.583527,46172.109328,0.083817,0.083817,4186,62,316,0,3808,0.164021,1.0,0.281818,10
graph_SOR16_D4_seed42,GNN GenAI SPEC Protocol rank 4,/Users/cayofel/Documents/GitHub/isomera_v2/main/data/architectures/tpc_ds_genai_spec_protocol/models/rank4_weighted_bce_lr0p001_h16_d0p1_t0p4/GNN_tpcds_genai_spec_protocol_rank4_graph_SOR16_D4_seed42.pkl,scenario_specific_pickle,scenario_specific,explicit scenario pickle map,0.4,0.92451,0.164021,6250.008411,35228.36222,0.109855,0.109855,4186,62,316,0,3808,0.164021,1.0,0.281818,10
graph_SOR16_D4_seed42,GNN GenAI SPEC Protocol rank 5,/Users/cayofel/Documents/GitHub/isomera_v2/main/data/architectures/tpc_ds_genai_spec_protocol/models/rank5_weighted_bce_lr0p001_h16_d0p1_t0p5/GNN_tpcds_genai_spec_protocol_rank5_graph_SOR16_D4_seed42.pkl,scenario_specific_pickle,scenario_specific,explicit scenario pickle map,0.5,0.928571,0.162465,7125.349953,40725.060505,0.095445,0.095445,4186,58,295,4,3829,0.164306,0.935484,0.279518,10
graph_SOR16_D5_seed42,GNN TPC-DS v1 cluster,/Users/cayofel/Documents/GitHub/isomera_v2/main/core/algorithms/pickle/gin_gnn/modelos_gnn_separados/graph_SOR16_D5_seed42.pkl,scenario_specific_pickle,scenario_specific,explicit scenario pickle map,0.5,0.923417,0.156303,6734.164622,39784.666686,0.152144,0.152144,6555,93,502,0,5960,0.156303,1.0,0.270349,10
graph_SOR16_D5_seed42,GNN GenAI SPEC v1 cluster,/Users/cayofel/Documents/GitHub/isomera_v2/main/data/architectures/tpc_ds_genai_spec/models/GNN_tpcds_genai_spec_graph_SOR16_D5_seed42.pkl,scenario_specific_pickle,scenario_specific,explicit scenario pickle map,0.3,0.923417,0.156303,6763.215427,39956.295488,0.151491,0.151491,6555,93,502,0,5960,0.156303,1.0,0.270349,10
graph_SOR16_D5_seed42,GNN GenAI SPEC Protocol rank 1,/Users/cayofel/Documents/GitHub/isomera_v2/main/data/architectures/tpc_ds_genai_spec_protocol/models/rank1_weighted_bce_lr0p005_h16_d0p1_t0p5/GNN_tpcds_genai_spec_protocol_rank1_graph_SOR16_D5_seed42.pkl,scenario_specific_pickle,scenario_specific,explicit scenario pickle map,0.5,0.923417,0.156303,6851.636442,40478.676629,0.149536,0.149536,6555,93,502,0,5960,0.156303,1.0,0.270349,10
graph_SOR16_D5_seed42,GNN GenAI SPEC Protocol rank 2,/Users/cayofel/Documents/GitHub/isomera_v2/main/data/architectures/tpc_ds_genai_spec_protocol/models/rank2_weighted_bce_lr0p001_h16_d0p0_t0p4/GNN_tpcds_genai_spec_protocol_rank2_graph_SOR16_D5_seed42.pkl,scenario_specific_pickle,scenario_specific,explicit scenario pickle map,0.4,0.923417,0.156303,5976.638301,35309.288686,0.171428,0.171428,6555,93,502,0,5960,0.156303,1.0,0.270349,10
graph_SOR16_D5_seed42,GNN GenAI SPEC Protocol rank 3,/Users/cayofel/Documents/GitHub/isomera_v2/main/data/architectures/tpc_ds_genai_spec_protocol/models/rank3_weighted_bce_lr0p005_h16_d0p1_t0p4/GNN_tpcds_genai_spec_protocol_rank3_graph_SOR16_D5_seed42.pkl,scenario_specific_pickle,scenario_specific,explicit scenario pickle map,0.4,0.923417,0.156303,6764.899299,39966.243608,0.151453,0.151453,6555,93,502,0,5960,0.156303,1.0,0.270349,10
graph_SOR16_D5_seed42,GNN GenAI SPEC Protocol rank 4,/Users/cayofel/Documents/GitHub/isomera_v2/main/data/architectures/tpc_ds_genai_spec_protocol/models/rank4_weighted_bce_lr0p001_h16_d0p1_t0p4/GNN_tpcds_genai_spec_protocol_rank4_graph_SOR16_D5_seed42.pkl,scenario_specific_pickle,scenario_specific,explicit scenario pickle map,0.4,0.923417,0.156303,6445.972525,38082.061066,0.158946,0.158946,6555,93,502,0,5960,0.156303,1.0,0.270349,10
graph_SOR16_D5_seed42,GNN GenAI SPEC Protocol rank 5,/Users/cayofel/Documents/GitHub/isomera_v2/main/data/architectures/tpc_ds_genai_spec_protocol/models/rank5_weighted_bce_lr0p001_h16_d0p1_t0p5/GNN_tpcds_genai_spec_protocol_rank5_graph_SOR16_D5_seed42.pkl,scenario_specific_pickle,scenario_specific,explicit scenario pickle map,0.5,0.960336,0.150327,6226.253398,39775.296433,0.158264,0.158264,6555,46,213,47,6249,0.177606,0.494624,0.261364,10
graph_SOR2_D1_seed42,GNN Best-of-all cluster selector,/Users/cayofel/Documents/GitHub/isomera_v2/main/data/architectures/tpc_ds_genai_spec_protocol/models/rank5_weighted_bce_lr0p001_h16_d0p1_t0p5/GNN_tpcds_genai_spec_protocol_rank5_graph_SOR2_D1_seed42.pkl,posthoc_best_pickle,best_of_all_posthoc,selected from 7 GNN cluster candidates by sf_jaccard,0.5,1.0,1.0,14675.184513,14675.184513,0.000409,0.000409,6,1,0,0,5,1.0,1.0,1.0,10
graph_SOR2_D2_seed42,GNN Best-of-all cluster selector,/Users/cayofel/Documents/GitHub/isomera_v2/main/data/architectures/tpc_ds_genai_spec_protocol/models/rank2_weighted_bce_lr0p001_h16_d0p0_t0p4/GNN_tpcds_genai_spec_protocol_rank2_graph_SOR2_D2_seed42.pkl,posthoc_best_pickle,best_of_all_posthoc,selected from 7 GNN cluster candidates by sf_jaccard,0.4,0.857143,0.333333,7281.472566,18723.786598,0.001282,0.001282,28,2,4,0,22,0.333333,1.0,0.5,10
graph_SOR2_D3_seed42,GNN Best-of-all cluster selector,/Users/cayofel/Documents/GitHub/isomera_v2/main/data/architectures/tpc_ds_genai_spec_protocol/models/rank5_weighted_bce_lr0p001_h16_d0p1_t0p5/GNN_tpcds_genai_spec_protocol_rank5_graph_SOR2_D3_seed42.pkl,posthoc_best_pickle,best_of_all_posthoc,selected from 7 GNN cluster candidates by sf_jaccard,0.5,0.818182,0.2,3459.214253,14151.331036,0.003816,0.003816,66,3,12,0,51,0.2,1.0,0.333333,10
graph_SOR2_D4_seed42,GNN Best-of-all cluster selector,/Users/cayofel/Documents/GitHub/isomera_v2/main/data/architectures/tpc_ds_genai_spec_protocol/models/rank2_weighted_bce_lr0p001_h16_d0p0_t0p4/GNN_tpcds_genai_spec_protocol_rank2_graph_SOR2_D4_seed42.pkl,posthoc_best_pickle,best_of_all_posthoc,selected from 7 GNN cluster candidates by sf_jaccard,0.4,0.8,0.142857,3745.997956,20977.588556,0.004576,0.004576,120,4,24,0,92,0.142857,1.0,0.25,10
graph_SOR2_D5_seed42,GNN Best-of-all cluster selector,/Users/cayofel/Documents/GitHub/isomera_v2/main/data/architectures/tpc_ds_genai_spec_protocol/models/rank3_weighted_bce_lr0p005_h16_d0p1_t0p4/GNN_tpcds_genai_spec_protocol_rank3_graph_SOR2_D5_seed42.pkl,posthoc_best_pickle,best_of_all_posthoc,selected from 7 GNN cluster candidates by sf_jaccard,0.4,0.789474,0.111111,2905.065304,20641.253477,0.007267,0.007267,190,5,40,0,145,0.111111,1.0,0.2,10
graph_SOR4_D1_seed42,GNN Best-of-all cluster selector,/Users/cayofel/Documents/GitHub/isomera_v2/main/data/architectures/tpc_ds_genai_spec_protocol/models/rank2_weighted_bce_lr0p001_h16_d0p0_t0p4/GNN_tpcds_genai_spec_protocol_rank2_graph_SOR4_D1_seed42.pkl,posthoc_best_pickle,best_of_all_posthoc,selected from 7 GNN cluster candidates by sf_jaccard,0.4,1.0,1.0,23048.83361,23048.83361,0.001215,0.001215,28,6,0,0,22,1.0,1.0,1.0,10
graph_SOR4_D2_seed42,GNN Best-of-all cluster selector,/Users/cayofel/Documents/GitHub/isomera_v2/main/data/architectures/tpc_ds_genai_spec_protocol/models/rank4_weighted_bce_lr0p001_h16_d0p1_t0p4/GNN_tpcds_genai_spec_protocol_rank4_graph_SOR4_D2_seed42.pkl,posthoc_best_pickle,best_of_all_posthoc,selected from 7 GNN cluster candidates by sf_jaccard,0.4,0.858333,0.392857,9383.296995,20501.082222,0.005024,0.005024,120,11,17,0,92,0.392857,1.0,0.564103,10
graph_SOR4_D3_seed42,GNN Best-of-all cluster selector,/Users/cayofel/Documents/GitHub/isomera_v2/main/data/architectures/tpc_ds_genai_spec/models/GNN_tpcds_genai_spec_graph_SOR4_D3_seed42.pkl,posthoc_best_pickle,best_of_all_posthoc,selected from 7 GNN cluster candidates by sf_jaccard,0.3,0.844203,0.348485,9073.025054,21979.360315,0.010601,0.010601,276,23,43,0,210,0.348485,1.0,0.516854,10
graph_SOR4_D4_seed42,GNN Best-of-all cluster selector,/Users/cayofel/Documents/GitHub/isomera_v2/main/data/architectures/tpc_ds_genai_spec/models/GNN_tpcds_genai_spec_graph_SOR4_D4_seed42.pkl,posthoc_best_pickle,best_of_all_posthoc,selected from 7 GNN cluster candidates by sf_jaccard,0.3,0.832661,0.308333,7909.466819,21359.697882,0.019335,0.019335,496,37,83,0,376,0.308333,1.0,0.471338,10
graph_SOR4_D5_seed42,GNN Best-of-all cluster selector,/Users/cayofel/Documents/GitHub/isomera_v2/main/data/architectures/tpc_ds_genai_spec_protocol/models/rank3_weighted_bce_lr0p005_h16_d0p1_t0p4/GNN_tpcds_genai_spec_protocol_rank3_graph_SOR4_D5_seed42.pkl,posthoc_best_pickle,best_of_all_posthoc,selected from 7 GNN cluster candidates by sf_jaccard,0.4,0.835897,0.326316,8625.08096,22094.190019,0.02951,0.02951,780,62,128,0,590,0.326316,1.0,0.492063,10
graph_SOR8_D1_seed42,GNN Best-of-all cluster selector,/Users/cayofel/Documents/GitHub/isomera_v2/main/data/architectures/tpc_ds_genai_spec_protocol/models/rank4_weighted_bce_lr0p001_h16_d0p1_t0p4/GNN_tpcds_genai_spec_protocol_rank4_graph_SOR8_D1_seed42.pkl,posthoc_best_pickle,best_of_all_posthoc,selected from 7 GNN cluster candidates by sf_jaccard,0.4,0.92381,0.619048,17366.231828,25915.761344,0.003743,0.003743,105,13,8,0,84,0.619048,1.0,0.764706,10
graph_SOR8_D2_seed42,GNN Best-of-all cluster selector,/Users/cayofel/Documents/GitHub/isomera_v2/main/data/architectures/tpc_ds_genai_spec/models/GNN_tpcds_genai_spec_graph_SOR8_D2_seed42.pkl,posthoc_best_pickle,best_of_all_posthoc,selected from 7 GNN cluster candidates by sf_jaccard,0.3,0.85977,0.32967,9026.958926,23542.032191,0.015886,0.015886,435,30,61,0,344,0.32967,1.0,0.495868,10
graph_SOR8_D3_seed42,GNN Best-of-all cluster selector,/Users/cayofel/Documents/GitHub/isomera_v2/main/data/architectures/tpc_ds_genai_spec/models/GNN_tpcds_genai_spec_graph_SOR8_D3_seed42.pkl,posthoc_best_pickle,best_of_all_posthoc,selected from 7 GNN cluster candidates by sf_jaccard,0.3,0.859596,0.338095,9537.202587,24248.022113,0.035096,0.035096,990,71,139,0,780,0.338095,1.0,0.505338,10
graph_SOR8_D4_seed42,GNN Best-of-all cluster selector,/Users/cayofel/Documents/GitHub/isomera_v2/main/data/architectures/tpc_ds_genai_spec_protocol/models/rank2_weighted_bce_lr0p001_h16_d0p0_t0p4/GNN_tpcds_genai_spec_protocol_rank2_graph_SOR8_D4_seed42.pkl,posthoc_best_pickle,best_of_all_posthoc,selected from 7 GNN cluster candidates by sf_jaccard,0.4,0.851977,0.306878,8837.720756,24535.909488,0.061461,0.061461,1770,116,262,0,1392,0.306878,1.0,0.469636,10
graph_SOR8_D5_seed42,GNN Best-of-all cluster selector,/Users/cayofel/Documents/GitHub/isomera_v2/main/data/architectures/tpc_ds_genai_spec_protocol/models/rank3_weighted_bce_lr0p005_h16_d0p1_t0p4/GNN_tpcds_genai_spec_protocol_rank3_graph_SOR8_D5_seed42.pkl,posthoc_best_pickle,best_of_all_posthoc,selected from 7 GNN cluster candidates by sf_jaccard,0.4,0.85009,0.30084,8362.409988,23629.81624,0.099832,0.099832,2775,179,416,0,2180,0.30084,1.0,0.462532,10
graph_SOR16_D1_seed42,GNN Best-of-all cluster selector,/Users/cayofel/Documents/GitHub/isomera_v2/main/data/architectures/tpc_ds_genai_spec/models/GNN_tpcds_genai_spec_graph_SOR16_D1_seed42.pkl,posthoc_best_pickle,best_of_all_posthoc,selected from 7 GNN cluster candidates by sf_jaccard,0.3,0.944664,0.333333,15611.319876,44242.357118,0.005402,0.005402,253,7,14,0,232,0.333333,1.0,0.5,10
graph_SOR16_D2_seed42,GNN Best-of-all cluster selector,/Users/cayofel/Documents/GitHub/isomera_v2/main/data/architectures/tpc_ds_genai_spec_protocol/models/rank5_weighted_bce_lr0p001_h16_d0p1_t0p5/GNN_tpcds_genai_spec_protocol_rank5_graph_SOR16_D2_seed42.pkl,posthoc_best_pickle,best_of_all_posthoc,selected from 7 GNN cluster candidates by sf_jaccard,0.5,0.941063,0.152778,7643.288943,47080.243038,0.020688,0.020688,1035,11,59,2,963,0.157143,0.846154,0.26506,10
graph_SOR16_D3_seed42,GNN Best-of-all cluster selector,/Users/cayofel/Documents/GitHub/isomera_v2/main/data/architectures/tpc_ds_genai_spec_protocol/models/rank1_weighted_bce_lr0p005_h16_d0p1_t0p5/GNN_tpcds_genai_spec_protocol_rank1_graph_SOR16_D3_seed42.pkl,posthoc_best_pickle,best_of_all_posthoc,selected from 7 GNN cluster candidates by sf_jaccard,0.5,0.952259,0.151515,7504.859686,47167.371334,0.047363,0.047363,2346,20,101,11,2214,0.165289,0.645161,0.263158,10
graph_SOR16_D4_seed42,GNN Best-of-all cluster selector,/Users/cayofel/Documents/GitHub/isomera_v2/main/data/architectures/tpc_ds_genai_spec_protocol/models/rank2_weighted_bce_lr0p001_h16_d0p0_t0p4/GNN_tpcds_genai_spec_protocol_rank2_graph_SOR16_D4_seed42.pkl,posthoc_best_pickle,best_of_all_posthoc,selected from 7 GNN cluster candidates by sf_jaccard,0.4,0.92451,0.164021,8261.145652,46564.198358,0.083111,0.083111,4186,62,316,0,3808,0.164021,1.0,0.281818,10
graph_SOR16_D5_seed42,GNN Best-of-all cluster selector,/Users/cayofel/Documents/GitHub/isomera_v2/main/data/architectures/tpc_ds_genai_spec_protocol/models/rank1_weighted_bce_lr0p005_h16_d0p1_t0p5/GNN_tpcds_genai_spec_protocol_rank1_graph_SOR16_D5_seed42.pkl,posthoc_best_pickle,best_of_all_posthoc,selected from 7 GNN cluster candidates by sf_jaccard,0.5,0.923417,0.156303,6851.636442,40478.676629,0.149536,0.149536,6555,93,502,0,5960,0.156303,1.0,0.270349,10
